time_ns,Pe_reg,Pe_enh,dPe
0.0,67.16814,67.16814,0.0
0.0999999999999999,35.443164,22.684094,-12.759070000000001
0.1999999999999999,35.502735,28.649022,-6.853713000000003
0.3,35.240784,28.872892,-6.367891999999998
0.3999999999999999,15.517173,26.721638,11.204464999999999
0.5,16.140216,26.925239,10.785023000000002
0.6,18.218072,26.975875,8.757803
0.7,-6.6970842,27.049374,33.7464582
0.7999999999999999,-8.2136113,34.860999,43.0746103
0.8999999999999999,3.8268997,19.204361,15.377461299999998
1.0,-1.1701721,18.691291,19.861463099999998
1.1,-9.2267006,4.8183932,14.0450938
1.2,-17.913429,3.2720614,21.1854904
1.3,-25.542514,-9.3332718,16.2092422
1.4,-22.090614,-17.570049,4.520564999999998
1.5,-25.296003,-13.830669,11.465333999999999
1.6,-14.842208,-11.501438,3.340769999999999
1.7,-11.971068,3.929747,15.900815000000001
1.7999999999999998,-2.243752,-4.3891127,-2.1453607
1.9,-6.5868695,-12.348097,-5.7612274999999995
2.0,-8.0998168,-23.071709,-14.9718922
2.1,-20.598742,-20.310238,0.2885040000000032
2.2,-20.501577,-27.861036,-7.3594589999999975
2.3,-19.386979,-11.331605,8.055374
2.4,-23.81073,-29.33423,-5.523500000000002
2.5,-26.880793,-21.320805,5.559988000000001
2.6,-35.48839,-22.901106,12.587284000000004
2.7,-27.140035,-32.314334,-5.174299000000001
2.8,-29.959745,-26.707541,3.2522040000000025
2.9,-16.074476,-24.027653,-7.953177
3.0,-22.274428,-14.489429,7.784999000000001
3.1,-20.628862,-20.626097,0.0027650000000001285
3.2,-23.309979,-26.0792,-2.7692210000000017
3.3,-26.11899,-13.817527,12.301463
3.4,-14.363828,-25.583365,-11.219537
3.5,-20.269825,-22.564284,-2.294459
3.6,-18.492831,-27.020897,-8.528066000000003
3.7,-24.298154,-16.893622,7.404532
3.8,-28.22254,-19.589264,8.633275999999999
3.9,-24.359321,-17.050563,7.308758000000001
4.0,-23.189027,-33.364547,-10.175520000000002
4.1,-25.325298,-26.215033,-0.8897349999999982
4.2,-14.015655,-24.952548,-10.936893
4.3,-18.241081,-30.718434,-12.477352999999997
4.4,-22.262313,-33.557133,-11.294820000000001
4.5,-16.495933,-34.314474,-17.818540999999996
4.6,-0.97105681,-23.898245,-22.92718819
4.7,-11.460597,-29.239745,-17.779148
4.8,-4.8962804,-20.044841,-15.148560600000001
4.9,-15.452983,-6.8539711,8.5990119
5.0,-13.643392,-28.2744,-14.631008
5.1,-8.7584316,-13.212257,-4.4538253999999995
5.2,5.4296908,-21.141021,-26.570711799999998
5.3,-8.5836146,-0.13115927,8.452455330000001
5.4,-10.278807,-16.147732,-5.868925000000001
5.5,-16.479505,-6.9973119,9.4821931
5.6,-23.612038,-16.544899,7.067138999999997
5.7,-19.055485,-14.604061,4.451424000000001
5.8,-18.387277,-14.394465,3.9928120000000007
5.9,-21.368679,-20.413963,0.9547160000000012
6.0,-18.173253,-12.225376,5.947876999999998
6.1,-14.665954,-19.124862,-4.458908000000001
6.199999999999999,-1.2942596,-24.636303,-23.3420434
6.3,-14.372997,-9.6694481,4.7035488999999995
6.4,-10.141523,-10.332687,-0.19116400000000056
6.5,-5.1856103,-18.610846,-13.425235699999998
6.6,-5.0108286,-30.636976,-25.6261474
6.699999999999999,-11.639424,-15.497064,-3.85764
6.8,-20.344726,-9.9894068,10.355319200000002
6.9,-19.817886,-15.69356,4.124326000000002
7.0,-19.131313,-7.1513801,11.979932899999998
7.1,-8.941649,-11.835327,-2.8936779999999995
7.199999999999999,-15.019943,-10.421607,4.598336
7.3,-28.096841,-16.981362,11.115479
7.399999999999999,-21.086758,-7.9581217,13.1286363
7.5,-20.629531,-16.216284,4.413246999999998
7.6,-17.504245,-28.791262,-11.287016999999999
7.699999999999999,-23.53362,-11.92421,11.609409999999999
7.8,-16.238768,-17.337113,-1.0983449999999984
7.899999999999999,-9.9539126,-14.832003,-4.8780904
8.0,-0.47224995,-8.1568274,-7.684577449999999
8.1,-1.9722242,-19.728639,-17.7564148
8.2,-2.2383148,-14.710393,-12.4720782
8.299999999999999,-11.793001,-5.4644889,6.3285121
8.4,-1.3199319,-12.304376,-10.9844441
8.5,-2.7242618,-14.375065,-11.650803199999999
8.6,3.0613161,-10.23703,-13.2983461
8.7,-2.1612266,-9.3273019,-7.1660753
8.799999999999999,8.2809634,-7.9681792,-16.2491426
8.9,-0.1330034,-9.0754522,-8.942448800000001
9.0,8.5159704,-13.122322,-21.6382924
9.1,10.82993,-18.72895,-29.558880000000002
9.2,2.3157757,-9.6143562,-11.9301319
9.3,-5.6557655,-5.4414861,0.21427940000000056
9.4,-0.40701951,-10.793475,-10.386455490000001
9.5,-9.2248801,-13.669613,-4.4447329
9.6,-6.1476897,-14.560245,-8.412555300000001
9.7,-26.58985,-7.8440898,18.7457602
9.8,-7.4486304,-23.681802,-16.233171600000002
9.9,-19.776571,-0.39023308,19.38633792
10.0,-1.505394,-20.114454,-18.60906
10.1,-2.3609052,-18.388357,-16.027451799999998
10.2,2.8006339,-14.471222,-17.2718559
10.3,-17.413353,-9.5538742,7.8594788000000015
10.4,-20.88209,-9.8042322,11.077857800000002
10.5,-20.815004,-9.3127635,11.502240499999997
10.6,-13.799837,-6.9943281,6.8055089
10.7,-6.0398795,-18.002985,-11.9631055
10.8,-11.354168,-14.864043,-3.509875000000001
10.9,-4.1050607,-7.5511328,-3.4460721000000003
11.0,-6.8041758,-14.029889,-7.2257132
11.1,-23.106734,-10.963354,12.143379999999999
11.2,-19.614755,-16.993866,2.6208889999999982
11.3,-16.150196,-19.735569,-3.5853730000000006
11.4,-7.7863161,-26.347186,-18.5608699
11.5,-9.4861883,-20.719833,-11.233644700000001
11.6,-23.42861,-23.438369,-0.009759000000002516
11.7,-20.849577,-16.133824,4.715752999999999
11.8,-16.195358,-22.530313,-6.334955000000001
11.9,-1.784897,-23.056624,-21.271727
12.0,-18.466638,-23.87456,-5.407921999999999
12.1,-22.741812,-17.180731,5.561080999999998
12.2,-21.026582,-18.116059,2.9105230000000013
12.3,-8.6389827,-7.7816794,0.8573032999999999
12.4,-26.011976,-16.432949,9.579027
12.5,-13.025602,-21.417095,-8.391493
12.6,-24.314779,-11.380432,12.934347
12.7,-11.229961,-14.400122,-3.1701610000000002
12.8,-14.06717,-16.270884,-2.203713999999998
12.9,-2.2003987,-8.1222424,-5.921843699999999
13.0,-12.699996,-9.4515439,3.2484520999999997
13.1,-22.358086,-12.134802,10.223284
13.2,-13.217271,-5.9801804,7.2370906
13.3,-19.363445,-15.296854,4.066590999999999
13.4,-10.194547,-23.071289,-12.876742
13.5,-14.179121,-18.75586,-4.576738999999998
13.6,-9.0883646,-17.819183,-8.730818399999999
13.7,-10.481577,-10.585459,-0.10388200000000047
13.8,-8.7427696,-1.3608788,7.381890800000001
13.9,-9.9070821,-6.1034,3.8036821000000005
14.0,-8.9394627,0.92924302,9.86870572
14.1,-6.9291304,-6.1915316,0.7375987999999998
14.2,-10.852086,1.8375088,12.6895948
14.3,-2.4464425,-11.382395,-8.9359525
14.4,-9.6848775,-13.78033,-4.095452499999999
14.5,-16.203635,-10.484172,5.719462999999999
14.6,-11.6243,-13.959384,-2.335084
14.7,-13.146501,-6.3666406,6.7798604000000005
14.8,4.0528654,-12.747403,-16.8002684
14.9,-0.086719486,-18.810968,-18.724248514
15.0,-12.305279,-17.490048,-5.184769000000001
15.1,2.5212794,-14.905236,-17.4265154
15.2,-10.224014,-16.237789,-6.013774999999999
15.3,-19.548343,-15.944027,3.604315999999999
15.4,-20.792344,-2.1697525,18.6225915
15.5,-22.129409,-27.986171,-5.856762
15.6,-7.2444326,-17.401537,-10.157104400000001
15.7,5.4750911,0.52889676,-4.94619434
15.8,-2.8519018,-9.2822683,-6.4303665
15.9,-3.5447478,1.097454,4.6422018000000005
16.0,-1.5163413,-8.3031424,-6.786801100000001
16.099999999999998,-15.834194,-9.8977059,5.9364881
16.2,-15.176697,-7.5586031,7.618093900000001
16.3,-3.7948675,-22.077126,-18.2822585
16.4,-19.159538,-12.823099,6.336439000000002
16.5,-4.1489266,-7.5522997,-3.4033730999999996
16.599999999999998,-10.31194,-13.354465,-3.0425249999999995
16.7,-10.340403,-13.24617,-2.905766999999999
16.8,-11.937348,-4.0178536,7.9194944000000005
16.9,-4.9479772,-15.174623,-10.2266458
17.0,-7.2318601,-4.3743817,2.8574783999999998
17.099999999999998,-14.56979,-6.1382145,8.4315755
17.2,-11.002453,-8.8150026,2.1874503999999995
17.3,-13.831443,-8.7246202,5.1068228
17.4,-17.306858,-19.491271,-2.184413000000003
17.5,-24.995783,-10.618441,14.377341999999999
17.599999999999998,-20.985543,-17.132916,3.8526269999999982
17.7,-12.546118,-7.3576316,5.1884863999999995
17.8,-17.096554,-8.1051453,8.991408700000001
17.9,-1.3550168,-11.366912,-10.0118952
18.0,-7.9706413,-14.011892,-6.0412507
18.1,-7.6465599,-10.211835,-2.565275100000001
18.2,-20.747864,-3.7729448,16.9749192
18.3,-14.856716,-16.892371,-2.035655
18.4,-16.844493,-15.851243,0.9932499999999997
18.5,-11.423952,-17.133648,-5.709696000000001
18.6,-12.188287,-5.0731126,7.115174400000001
18.7,-19.341664,-11.839581,7.502083000000001
18.8,-23.702961,-0.16871149,23.53424951
18.9,-14.141834,-6.0576097,8.084224299999999
19.0,-8.5646165,-9.7335129,-1.1688963999999995
19.1,-18.186622,-18.243619,-0.056996999999999076
19.2,-18.941078,-14.745966,4.195112000000002
19.3,-18.486135,-9.5145429,8.9715921
19.4,-21.344664,-12.568679,8.775985000000002
19.5,-19.745006,-10.526531,9.218475
19.6,-10.259322,-19.33083,-9.071508
19.7,-22.626509,-30.162316,-7.535807000000002
19.8,-16.564031,-23.391492,-6.827461
19.9,-19.914431,-19.807763,0.1066679999999991
20.0,-20.793918,-19.377429,1.416489000000002
20.1,-12.486106,-21.729458,-9.243352000000002
20.2,-10.81948,-16.6318,-5.812319999999998
20.3,-28.028088,-18.090815,9.937273000000001
20.4,-12.39776,-21.515252,-9.117492
20.5,-9.3882184,-22.673713,-13.2854946
20.6,-14.064037,-13.025802,1.0382350000000002
20.7,-14.658164,-15.669082,-1.0109180000000002
20.8,-32.987403,-20.186757,12.800646
20.9,-17.48507,-19.383243,-1.8981729999999999
21.0,-17.780561,-19.483211,-1.702650000000002
21.1,-19.72866,-26.477827,-6.749167
21.2,-21.931302,-27.543046,-5.611744000000002
21.3,-1.4037604,-25.15703,-23.7532696
21.4,-17.365178,-23.662926,-6.297747999999999
21.5,-18.755775,-28.643908,-9.888133
21.6,-23.063138,-24.845768,-1.782630000000001
21.7,-28.620911,-26.772268,1.8486429999999991
21.8,-18.2717,-17.269567,1.0021330000000006
21.9,-26.166933,-18.965816,7.201117
22.0,-22.605732,-12.614365,9.991367
22.1,-20.94811,-24.42356,-3.4754499999999986
22.2,-15.753943,-23.340628,-7.586684999999999
22.3,-9.1917558,-20.174353,-10.9825972
22.4,-10.241089,-25.513173,-15.272083999999998
22.5,-13.401913,-13.553071,-0.1511579999999988
22.6,-11.022695,-19.133919,-8.111223999999998
22.7,-12.653931,-16.542281,-3.888349999999999
22.8,-11.408864,-19.379141,-7.970277000000001
22.9,-5.5688969,-29.838736,-24.2698391
23.0,-7.9300774,-23.636198,-15.7061206
23.1,-5.8902913,-24.037812,-18.147520699999998
23.2,-11.22563,-30.731335,-19.505705
23.3,-23.286884,-31.127639,-7.840754999999998
23.4,-25.139095,-28.554378,-3.4152829999999987
23.5,-23.946911,-10.902577,13.044334
23.6,-24.000364,-25.626151,-1.625786999999999
23.7,-24.210066,-22.124435,2.085631000000003
23.8,-16.093617,-15.512165,0.5814519999999987
23.9,-6.122884,-11.847359,-5.724475000000001
24.0,-7.4128766,-13.28268,-5.8698033999999994
24.1,-11.148761,-14.603351,-3.4545899999999996
24.2,-20.044883,-16.058939,3.985944
24.3,-18.127865,-8.9761835,9.1516815
24.4,-8.0375255,-20.623104,-12.585578500000002
24.5,2.8488026,-21.747795,-24.5965976
24.6,-2.6596785,-29.219285,-26.5596065
24.7,-10.305864,-21.511101,-11.205237
24.8,-5.883613,-28.372561,-22.488948
24.9,-13.934674,-28.712097,-14.777423
25.0,-15.512055,-18.981268,-3.469213
25.1,-15.155199,-19.435499,-4.2803
25.2,-13.767847,-14.728917,-0.9610699999999994
25.3,-0.32370345,-29.500829,-29.17712555
25.4,-2.831658,-27.501696,-24.670037999999998
25.5,-4.5703253,-29.897261,-25.3269357
25.6,-7.9217958,-23.754787,-15.8329912
25.7,4.7518729,-20.817776,-25.569648899999997
25.8,-6.8565415,-24.84321,-17.9866685
25.9,-16.157189,-10.056996,6.100192999999999
26.0,-18.022603,-10.684058,7.338545
26.1,-15.653608,-11.69509,3.9585179999999998
26.2,-25.764366,-21.8559,3.9084660000000007
26.3,-16.37944,-16.303974,0.0754659999999987
26.4,-10.837268,-11.227245,-0.389977
26.5,-12.509548,-19.279398,-6.76985
26.6,-15.877748,-22.55846,-6.680712
26.7,-21.359839,-29.82849,-8.468650999999998
26.8,-19.635508,-33.167187,-13.531678999999997
26.9,-23.657773,-29.227494,-5.569721000000001
27.0,-11.129433,-27.778926,-16.649493
27.1,-17.710396,-31.609837,-13.899441
27.2,-12.386176,-29.547921,-17.161744999999996
27.3,-9.2552754,-25.63765,-16.3823746
27.4,-17.371242,-18.469052,-1.0978100000000026
27.5,-23.197497,-24.136854,-0.9393570000000011
27.6,-18.040068,-15.154592,2.8854760000000024
27.7,-12.936143,-19.261821,-6.325678000000002
27.8,-11.401332,-17.233389,-5.832056999999999
27.9,-18.971804,-26.231471,-7.259667
28.0,-26.575036,-35.800432,-9.225396
28.1,-30.687429,-24.457171,6.230258000000003
28.2,-27.147788,-31.676472,-4.528684000000002
28.3,-15.071908,-19.775466,-4.703558000000001
28.4,-22.348025,-25.270805,-2.9227799999999995
28.5,-14.53293,-18.179507,-3.6465770000000006
28.6,-10.183906,-26.71806,-16.534154
28.7,-23.10522,-14.721541,8.383678999999999
28.8,-11.182247,-15.878489,-4.696242
28.9,-12.467838,-21.773819,-9.305981
29.0,-1.6663097,-32.460879,-30.7945693
29.1,2.4828268,-27.363493,-29.846319799999996
29.2,-2.831776,-34.005204,-31.173427999999998
29.3,1.5843227,-22.802877,-24.3871997
29.4,-2.7495763,-25.225331,-22.4757547
29.5,-0.16923725,-23.724074,-23.554836750000003
29.6,-7.6035927,-25.029947,-17.4263543
29.7,-9.5237469,-32.866637,-23.342890099999998
29.8,-2.7691864,-30.791363,-28.0221766
29.9,-5.3811678,-38.106933,-32.7257652
30.0,-8.7060643,-29.655633,-20.9495687
30.1,-17.032229,-23.239624,-6.207394999999998
30.2,-29.584094,-14.96836,14.615734
30.3,-11.59994,-14.680089,-3.0801490000000005
30.4,-16.497865,-19.301748,-2.803882999999999
30.5,-22.765212,-25.672631,-2.907419000000001
30.6,-14.620305,-13.09348,1.5268250000000005
30.7,-5.471392,-23.269488,-17.798096
30.8,-15.163455,-15.591074,-0.42761899999999997
30.9,-9.1086295,-19.35594,-10.247310500000001
31.0,-21.348801,-13.07695,8.271851000000002
31.1,-1.0151962,-16.826636,-15.8114398
31.2,-11.91715,-12.645482,-0.728332
31.3,-8.5746685,-15.997164,-7.4224955
31.4,-11.549738,-26.220555,-14.670817000000001
31.5,-8.8653627,-17.12096,-8.2555973
31.6,-0.74427582,-34.321053,-33.57677718
31.7,-6.4657825,-29.619271,-23.1534885
31.8,-2.4971808,-9.1853987,-6.6882179
31.9,-13.179172,-28.395805,-15.216633
32.0,-18.689681,-26.917386,-8.227705
32.1,-3.2843894,-27.251828,-23.9674386
32.2,-8.4089028,-15.251245,-6.842342200000001
32.3,-2.1118812,-30.289999,-28.178117800000003
32.4,-5.0904032,-22.43749,-17.3470868
32.5,-15.908705,-15.584317,0.324387999999999
32.6,-16.380214,-24.741852,-8.361638000000003
32.7,-27.79379,-34.705768,-6.911977999999998
32.8,-28.881532,-29.674237,-0.7927050000000015
32.9,-24.879117,-21.316069,3.563048000000002
33.0,-17.73448,-24.312686,-6.578205999999998
33.1,-20.057354,-34.958503,-14.901149
33.2,-25.989847,-28.783121,-2.7932740000000003
33.3,-4.3642449,-33.229321,-28.8650761
33.4,-24.884939,-29.321335,-4.436396000000002
33.5,-10.206617,-33.976419,-23.769802
33.6,-7.4297599,-25.625609,-18.1958491
33.7,-17.891372,-24.226792,-6.335419999999999
33.8,-23.010113,-34.897021,-11.886908000000002
33.9,-13.766328,-27.748776,-13.982448
34.0,-13.497353,-28.85784,-15.360487
34.1,-0.98990311,-14.83685,-13.84694689
34.2,-10.553839,-21.605806,-11.051967000000001
34.3,-5.2851336,-20.618614,-15.333480400000001
34.4,-7.6736304,-27.095729,-19.422098599999998
34.5,-16.870656,-23.769052,-6.898395999999998
34.6,-26.226739,-23.361002,2.8657369999999993
34.7,-17.813415,-15.349256,2.4641589999999987
34.8,-12.903191,-30.001306,-17.098115
34.9,-9.2983539,-22.979903,-13.6815491
35.0,-12.730383,-28.080328,-15.349945000000002
35.1,-18.2682,-47.412492,-29.144292
35.2,-7.1686803,-26.665321,-19.4966407
35.3,-18.89398,-32.586313,-13.692332999999998
35.4,-16.618846,-33.354324,-16.735477999999997
35.5,-22.934706,-28.330121,-5.395415
35.6,-16.973407,-34.40094,-17.427532999999997
35.7,-17.51825,-32.587504,-15.069254000000004
35.8,-8.6156935,-27.3228,-18.707106500000002
35.9,-12.516636,-14.135281,-1.6186450000000008
36.0,-3.1729581,-24.446813,-21.2738549
36.1,8.9863876,-29.149941,-38.1363286
36.2,1.902048,-25.575458,-27.477506
36.3,-10.119058,-18.380745,-8.261687
36.4,-15.532323,-22.838801,-7.306478
36.5,-14.806043,-22.010875,-7.204831999999998
36.6,-18.76597,-23.958709,-5.1927389999999995
36.7,-15.091853,-14.254851,0.837002
36.8,-18.311363,-22.772608,-4.461245000000002
36.9,-17.299887,-19.193437,-1.8935500000000012
37.0,-24.830026,-23.329219,1.5008070000000018
37.1,-32.112188,-31.829226,0.2829620000000048
37.2,-21.649097,-14.482352,7.166745000000001
37.3,-31.879614,-13.390174,18.489440000000002
37.4,-27.520757,-22.48393,5.036826999999999
37.5,-29.150616,-35.612397,-6.461781000000002
37.6,-15.956311,-26.48586,-10.529549
37.7,-16.700981,-27.448376,-10.747395000000001
37.8,-15.718397,-25.016317,-9.297920000000001
37.9,-19.30477,-37.882999,-18.578228999999997
38.0,-25.53089,-31.790455,-6.259565000000002
38.1,-22.623224,-19.681091,2.942133000000002
38.2,-18.152232,-18.099276,0.05295600000000178
38.3,-28.601193,-14.134404,14.466788999999999
38.4,-19.501785,-20.742222,-1.240437
38.5,-22.964126,-20.10835,2.8557759999999988
38.6,-33.146512,-27.495506,5.651006000000002
38.7,-26.93335,-22.645745,4.287604999999999
38.8,-22.655082,-29.313594,-6.658511999999998
38.9,-17.124884,-24.443119,-7.318234999999998
39.0,-20.970145,-24.053673,-3.083528000000001
39.1,-11.692439,-17.07044,-5.378001000000001
39.2,-7.383575,-29.466882,-22.083306999999998
39.3,-8.3248647,-25.364051,-17.0391863
39.4,-10.935307,-19.929032,-8.993725
39.5,-5.671569,-38.92297,-33.251401
39.6,-12.963001,-30.263775,-17.300773999999997
39.7,-13.375102,-26.501182,-13.12608
39.8,-11.728379,-28.016375,-16.287996
39.9,-20.933461,-24.832878,-3.8994169999999997
40.0,-13.821046,-24.616883,-10.795837
40.1,-21.992466,-14.916068,7.076398000000001
40.2,-18.797625,-16.361522,2.4361029999999992
40.3,-7.2811359,-15.506935,-8.2257991
40.4,-17.858828,-12.361551,5.497276999999999
40.5,1.3765341,-24.002893,-25.3794271
40.6,-11.096624,-24.660647,-13.564023
40.7,-12.581682,-26.379893,-13.798210999999998
40.8,-3.868906,-26.793795,-22.924889
40.9,-0.2351113,-21.725852,-21.4907407
41.0,-17.904424,-28.41378,-10.509356
41.1,-21.465782,-32.703908,-11.238125999999998
41.2,-14.10327,-24.97709,-10.87382
41.3,-15.451381,-39.195377,-23.743996000000003
41.4,-5.0519439,-43.947938,-38.8959941
41.5,-16.823857,-35.00183,-18.177972999999998
41.6,-12.474295,-30.887353,-18.413058
41.7,-17.036049,-26.918687,-9.882638
41.8,-9.1148257,-34.008787,-24.893961299999997
41.9,-14.734099,-44.588563,-29.854464
42.0,-20.36944,-39.157357,-18.787916999999997
42.1,-9.005607,-43.806427,-34.80082
42.2,-19.995892,-21.318327,-1.3224349999999987
42.3,-11.916205,-25.746577,-13.830371999999999
42.4,-24.146773,-34.838453,-10.691680000000002
42.5,-18.178671,-32.941561,-14.762889999999999
42.6,-7.0634012,-33.709007,-26.6456058
42.7,-9.8779188,-33.213287,-23.3353682
42.8,-9.8971454,-32.700767,-22.8036216
42.9,-9.3204094,-29.525017,-20.204607599999996
43.0,-16.976276,-37.162423,-20.186147
43.1,-7.1103958,-37.807444,-30.697048199999998
43.2,-2.7427493,-29.930992,-27.1882427
43.3,-4.8356605,-33.383378,-28.5477175
43.4,-0.1338088,-30.775409,-30.6416002
43.5,-1.4986627,-39.737491,-38.2388283
43.6,-2.9257716,-38.240083,-35.3143114
43.7,2.139778,-39.698827,-41.838605
43.8,-3.0465175,-35.010511,-31.9639935
43.9,-8.6823607,-32.809976,-24.1276153
44.0,-13.910326,-34.086357,-20.176031000000002
44.1,-14.639031,-30.805183,-16.166152
44.2,-11.784954,-26.592978,-14.808023999999998
44.3,-11.028025,-21.289758,-10.261733
44.4,-18.645411,-27.940484,-9.295073000000002
44.5,-15.325846,-12.203508,3.122338000000001
44.6,-5.2120977,-16.480601,-11.268503299999999
44.7,-6.7836361,-25.990417,-19.206780900000002
44.8,6.0353501,-33.261824,-39.2971741
44.9,-3.1273051,-28.503123,-25.375817899999998
45.0,-16.887782,-25.065151,-8.177368999999999
45.1,1.3990086,-17.799124,-19.198132599999997
45.2,-6.6402654,-13.723826,-7.083560600000001
45.3,-18.392351,-17.391848,1.000503000000002
45.4,-1.7938749,-21.839423,-20.0455481
45.5,-16.103686,-33.608964,-17.505278
45.6,-12.958325,-32.80023,-19.841904999999997
45.7,-10.91483,-24.526404,-13.611574
45.8,-25.63973,-18.964849,6.674880999999999
45.9,-15.038677,-23.003755,-7.965078000000002
46.0,-21.856352,-22.644203,-0.7878509999999999
46.1,-15.104302,-16.991864,-1.887561999999999
46.2,-11.473087,-24.923027,-13.449940000000002
46.3,-14.020465,-24.327582,-10.307117
46.4,-13.668779,-21.151277,-7.482498
46.5,-19.702946,-17.116995,2.5859510000000014
46.6,-20.151139,-20.508158,-0.3570190000000011
46.7,-18.174716,-29.473768,-11.299052
46.8,-12.895537,-23.790415,-10.894878
46.9,-14.021743,-15.422278,-1.4005349999999996
47.0,-13.16309,-14.967174,-1.8040839999999996
47.1,-15.363737,-16.558619,-1.1948819999999998
47.2,-24.855853,-12.324485,12.531368
47.3,-11.352021,-6.6187346,4.733286400000001
47.4,-16.610747,-12.558726,4.052021
47.5,-6.6761617,-20.662341,-13.986179300000002
47.6,-10.691834,-21.764134,-11.072299999999998
47.7,-3.512198,-34.927201,-31.415002999999995
47.8,-6.7712949,-22.481289,-15.7099941
47.9,-5.7909284,-31.470136,-25.679207599999998
48.0,-19.718176,-21.068681,-1.3505050000000018
48.1,-12.339608,-25.811791,-13.472183
48.2,-10.57703,-32.149462,-21.572432
48.3,-8.8533922,-18.322302,-9.4689098
48.4,-9.5062366,-18.83779,-9.331553399999999
48.5,-17.06149,-19.471034,-2.4095440000000004
48.6,-15.623509,-27.330321,-11.706812000000001
48.7,-20.393981,-16.645913,3.748068
48.8,-21.813352,-16.759948,5.053403999999997
48.9,-22.317048,-18.756441,3.560607000000001
49.0,-15.25182,-5.9264628,9.3253572
49.1,-11.84904,-20.451316,-8.602275999999998
49.2,-17.900597,-6.9248991,10.9756979
49.3,-26.278655,-9.6908054,16.5878496
49.4,-30.231124,-14.11477,16.116354
49.5,-23.62725,-13.162022,10.465228
49.6,-24.560698,-13.170408,11.390289999999998
49.7,-12.020466,-26.997467,-14.977001
49.8,-8.3919537,-25.965659,-17.5737053
49.9,-27.995402,-13.266909,14.728492999999999
50.0,-15.203356,-21.99785,-6.794494
50.1,-11.504123,-26.397606,-14.893483
50.2,-6.0789581,-23.788213,-17.709254899999998
50.3,-9.1714345,-19.370579,-10.1991445
50.4,-13.179,-3.4017088,9.7772912
50.5,3.2944725,2.5828693,-0.7116031999999999
50.6,-11.98995,-3.984514,8.005436
50.7,-12.250052,1.9620126,14.2120646
50.8,-16.312006,-13.436366,2.8756400000000006
50.9,-14.417771,-21.867855,-7.450083999999999
51.0,-18.024511,-17.478051,0.5464599999999997
51.1,-23.046135,-18.629347,4.416788
51.2,-18.617216,-37.843569,-19.226353000000003
51.3,-11.80361,-35.40305,-23.59944
51.4,-24.286786,-23.346234,0.9405520000000003
51.5,-21.143446,-12.638766,8.50468
51.6,-2.9862774,-9.0298732,-6.0435958
51.7,-21.261261,-16.841054,4.420207000000001
51.8,-21.664885,-14.764192,6.900693000000002
51.9,-22.500544,-24.284066,-1.7835219999999978
52.0,-26.281028,-17.358146,8.922881999999998
52.1,-21.042378,-16.500911,4.541467000000001
52.2,-28.152931,-11.281174,16.871757
52.3,-11.670365,-0.8405241,10.8298409
52.4,-8.5670122,-1.4692432,7.097769
52.5,-10.843239,-11.240168,-0.3969290000000001
52.6,-14.817096,-13.912765,0.9043309999999991
52.7,-14.9205,-7.4569566,7.463543400000001
52.8,-15.708222,-9.8423355,5.8658864999999984
52.9,-15.280205,-7.6002723,7.6799327
53.0,-11.054216,-10.760531,0.293685
53.1,-18.537655,-25.891535,-7.35388
53.2,-24.55367,-22.297284,2.256385999999999
53.3,-7.0395789,-22.944982,-15.9054031
53.4,-24.142863,-25.76196,-1.619097
53.5,-12.426107,-21.910096,-9.483989
53.6,-18.073375,-14.679391,3.393983999999998
53.7,-19.280452,-4.1521905,15.1282615
53.8,-7.3131522,-5.9633266,1.3498256
53.9,-20.381938,-10.39664,9.985298000000002
54.0,-21.633108,-17.878516,3.754591999999999
54.1,-12.661329,-6.4487555,6.2125735
54.2,-12.600191,-15.42172,-2.821529
54.3,-17.485115,-11.464975,6.02014
54.4,-12.1539,-10.941405,1.2124950000000005
54.5,-9.9428056,-25.333255,-15.390449400000001
54.6,-9.9729466,-14.789955,-4.817008400000001
54.7,-3.0739004,-7.7024586,-4.6285582000000005
54.8,-6.0740746,-16.235575,-10.161500400000001
54.9,-20.158802,2.2975416,22.4563436
55.0,-5.4825803,-13.530988,-8.0484077
55.1,-18.067525,-3.2696308,14.7978942
55.2,-9.1781779,-11.904853,-2.7266750999999996
55.3,-17.85803,-10.27042,7.58761
55.4,-21.769786,-19.011581,2.7582050000000002
55.5,-16.020692,-6.7113042,9.3093878
55.6,-26.177719,5.5933096,31.7710286
55.7,-9.2280569,1.124587,10.3526439
55.8,-14.633446,-15.836593,-1.2031470000000013
55.9,-9.1240375,-17.882163,-8.758125499999998
56.0,-28.594761,-16.059316,12.535445
56.1,-2.5888446,-25.538754,-22.949909400000003
56.2,-19.811401,-14.04487,5.7665310000000005
56.3,-10.656978,-18.475772,-7.818793999999999
56.4,-22.745667,-5.8165446,16.9291224
56.5,-27.124438,6.2181775,33.3426155
56.6,-16.188376,-12.05237,4.136006000000002
56.7,-16.351178,-4.9821382,11.369039800000001
56.8,-23.672653,-12.755772,10.916881
56.9,-15.010877,-5.8157189,9.1951581
57.0,-16.096215,-1.5721167,14.5240983
57.1,-25.147434,-8.8157186,16.3317154
57.2,-29.844762,-3.1364837,26.7082783
57.3,-25.791585,-13.203738,12.587847000000002
57.4,-17.721135,-17.599846,0.12128900000000087
57.5,-33.18426,-6.4478299,26.7364301
57.6,-17.227638,4.6457087,21.8733467
57.7,-13.376073,7.9663302,21.3424032
57.8,-19.23194,5.7413244,24.9732644
57.9,-13.317074,-3.3941157,9.9229583
58.0,-29.311558,-10.711909,18.599649
58.1,6.0052414,-13.020791,-19.0260324
58.2,2.1994822,4.6035541,2.4040719000000004
58.3,-12.734977,10.92158,23.656557
58.4,-24.548118,4.0389762,28.5870942
58.5,-12.208202,8.5327928,20.7409948
58.6,-16.292112,4.9424609,21.2345729
58.7,-21.20502,1.2427775,22.4477975
58.8,-32.5322,17.034283,49.566483000000005
58.9,-20.846507,12.774346,33.620853
59.0,-25.558286,8.2486747,33.8069607
59.1,-18.759536,7.5096234,26.2691594
59.2,-16.946754,11.540838,28.487592
59.3,-19.631742,-0.61425181,19.01749019
59.4,-22.373702,-20.413314,1.9603880000000018
59.5,-26.284276,-2.0044297,24.2798463
59.6,-11.609484,-6.8882147,4.7212693
59.7,-30.948037,-6.5869992,24.3610378
59.8,-17.768395,-4.2100267,13.558368300000001
59.9,-22.771431,7.9178015,30.6892325
60.0,-29.583293,-0.4176565,29.1656365
60.1,-16.878591,-7.1619213,9.7166697
60.2,-15.184154,4.8894614,20.0736154
60.3,-14.428734,13.66881,28.097544
60.4,-6.147321,1.895835,8.043156
60.5,-5.8955525,3.8189418,9.7144943
60.6,-9.1587451,-11.133817,-1.9750718999999997
60.7,-15.949414,-9.5362944,6.413119600000002
60.8,-15.10293,-9.9869386,5.1159914
60.9,-21.978181,-5.6536166,16.3245644
61.0,-30.678452,2.7763484,33.454800399999996
61.1,-18.373336,5.6523808,24.025716799999998
61.2,-22.863934,1.5195623,24.3834963
61.3,-18.345714,5.0379416,23.3836556
61.4,-18.177004,-0.39504952,17.78195448
61.5,-22.632535,4.1356843,26.768219300000002
61.6,-27.323909,4.7470705,32.0709795
61.7,-16.092151,1.5052873,17.5974383
61.8,-14.22585,1.1595329,15.3853829
61.9,-10.17178,12.207906,22.379686
62.0,-6.9925642,14.342628,21.3351922
62.1,-9.691219,6.4324414,16.1236604
62.2,-14.487591,5.217087,19.704678
62.3,-28.841754,12.230929,41.072683
62.4,-5.4007881,-2.7957073,2.6050807999999996
62.5,-10.698425,5.5891877,16.2876127
62.6,-13.912017,11.625425,25.537442
62.7,6.2180901,20.148725,13.930634899999998
62.8,4.5648918,17.556196,12.9913042
62.9,-1.3156448,3.4327798,4.7484246
63.0,1.331735,-3.91275,-5.244485
63.1,-4.9248187,9.3121145,14.2369332
63.2,-7.8497546,16.116142,23.9658966
63.3,-16.376066,27.504348,43.880414
63.4,-20.59956,19.05834,39.6579
63.5,-15.891805,26.748877,42.640682
63.6,-21.325304,14.55397,35.879273999999995
63.7,-4.6320474,8.3405254,12.972572800000002
63.8,-11.67637,18.597457,30.273826999999997
63.9,-12.057192,26.738447,38.795639
64.0,0.36057609,20.176828,19.816251910000002
64.1,-14.155989,17.210997,31.366985999999997
64.2,-24.806444,8.0576359,32.8640799
64.3,-20.862086,11.876746,32.738832
64.39999999999999,-21.162742,24.016287,45.179029
64.5,-18.039114,36.154518,54.19363200000001
64.6,-25.122504,39.57947,64.701974
64.7,-17.172865,29.650507,46.823372000000006
64.8,-22.222719,29.670222,51.892941
64.89999999999999,-31.605097,45.352528,76.95762500000001
65.0,-28.243024,36.804409,65.047433
65.1,-28.511479,31.83735,60.348829
65.2,-26.780674,33.026242,59.806916
65.3,-32.204255,35.176465,67.38072
65.39999999999999,-32.639008,37.635263,70.274271
65.5,-17.685879,29.303548,46.989427
65.6,-32.323968,27.774966,60.098934
65.7,-30.879123,30.670533,61.549656
65.8,-25.920379,24.513286,50.433665000000005
65.89999999999999,-24.219227,27.858414,52.077641
66.0,-32.839726,31.450557,64.290283
66.1,-41.726181,32.836949,74.56313
66.2,-31.742824,32.264926,64.00775
66.3,-30.331782,30.659695,60.991477
66.39999999999999,-23.371608,33.638394,57.010002
66.5,-40.678189,35.459644,76.137833
66.6,-27.866385,32.883024,60.749409
66.7,-20.114631,41.744095,61.858726000000004
66.8,-16.176183,32.66426,48.840443
66.89999999999999,-23.510334,25.251829,48.762163
67.0,-26.269106,8.2776388,34.5467448
67.1,-13.679758,-1.9951995,11.6845585
67.2,-20.368024,8.467431,28.835454999999996
67.3,-41.540125,9.6766291,51.2167541
67.39999999999999,-33.680304,11.541098,45.221402
67.5,-30.490505,13.80985,44.300354999999996
67.6,-29.725117,9.9411012,39.6662182
67.7,-22.057156,17.261419,39.318574999999996
67.8,-20.227675,7.8302811,28.057956100000002
67.89999999999999,-18.486679,5.4325247,23.919203699999997
68.0,-24.287985,0.4781095,24.766094499999998
68.1,-28.491521,24.382039,52.87356
68.2,-38.844289,10.129876,48.974165
68.3,-52.473462,1.1811899,53.6546519
68.39999999999999,-46.759714,2.8951335,49.6548475
68.5,-36.076328,8.5608306,44.63715859999999
68.6,-34.409607,9.2446669,43.6542739
68.7,-28.076012,11.729373,39.805385
68.8,-27.690457,15.652806,43.343263
68.89999999999999,-21.964317,8.0859973,30.050314300000004
69.0,-20.99098,2.3300208,23.3210008
69.1,-36.447313,5.7992654,42.246578400000004
69.2,-21.109654,20.753079,41.862733
69.3,-29.113191,21.727594,50.840785
69.39999999999999,-33.313478,8.4289521,41.74243010000001
69.5,-11.955548,7.5986254,19.5541734
69.6,-27.388415,7.4869935,34.8754085
69.7,-23.091652,11.025904,34.117556
69.8,-24.054365,2.52412,26.578485
69.89999999999999,-21.396962,15.099537,36.496499
70.0,-20.353628,19.192499,39.546127
70.1,-20.230723,13.751732,33.982455
70.2,-18.874974,20.013984,38.888958
70.3,-39.724236,5.1368983,44.861134299999996
70.39999999999999,-36.196725,13.41682,49.613545
70.5,-33.026933,-4.7013889,28.3255441
70.6,-35.841153,-4.7923645,31.0487885
70.7,-26.680759,-7.0077225,19.6730365
70.8,-31.420181,-0.70492445,30.71525655
70.89999999999999,-20.973943,6.227754,27.201697
71.0,-19.512666,-0.55211234,18.96055366
71.1,-27.646984,-4.2260022,23.4209818
71.2,-32.652646,17.999181,50.651827
71.3,-21.267472,12.944431,34.211903
71.39999999999999,-19.67698,15.332058,35.009038000000004
71.5,-19.061363,5.1849996,24.2463626
71.6,-19.391655,21.953859,41.345514
71.7,-17.180718,16.64411,33.824828
71.8,-21.185178,12.760414,33.945592000000005
71.89999999999999,-19.039235,7.4375312,26.4767662
72.0,-26.038525,20.074947,46.113472
72.1,-15.976619,4.3400189,20.3166379
72.2,-21.137277,-9.4003851,11.736891900000002
72.3,-28.48416,10.519367,39.003527
72.39999999999999,-26.794097,5.6885939,32.4826909
72.5,-14.082097,17.829861,31.911958
72.6,-11.469591,1.4617635,12.9313545
72.7,-23.376699,7.8411864,31.2178854
72.8,-17.167173,5.5757701,22.742943099999998
72.89999999999999,-15.800738,16.11758,31.918318
73.0,-18.206431,10.169679,28.376109999999997
73.1,-13.772151,25.456263,39.228414
73.2,-17.86596,13.691198,31.557158
73.3,-14.243573,15.975148,30.218721000000002
73.39999999999999,-13.3455,30.936511,44.282011
73.5,-22.377664,29.035735,51.413399
73.6,-18.018547,38.779932,56.798479
73.7,-17.906794,28.777137,46.683931
73.8,-23.878438,14.778203,38.656641
73.89999999999999,-40.662508,28.720166,69.38267400000001
74.0,-22.804783,37.344404,60.149187
74.1,-17.691537,34.555295,52.246832
74.2,-24.724565,24.862245,49.58681
74.3,-22.520588,35.486722,58.007310000000004
74.39999999999999,-16.899725,27.498173,44.397898
74.5,-13.478728,27.528993,41.007721000000004
74.6,-30.12405,37.803648,67.927698
74.7,-22.607546,42.224353,64.83189899999999
74.8,-20.919338,39.688509,60.60784700000001
74.89999999999999,-28.089098,32.987472,61.07657
75.0,-23.102036,22.273796,45.375832
75.1,-27.405974,21.752533,49.158507
75.2,-31.430332,13.583113,45.013445000000004
75.3,-28.712495,10.588608,39.301103
75.39999999999999,-36.902696,9.2457042,46.1484002
75.5,-29.353969,17.480211,46.83418
75.6,-28.363229,21.930575,50.293804
75.7,-40.305674,21.424152,61.729826
75.8,-22.820748,14.831239,37.651987
75.89999999999999,-31.527054,22.71406,54.241113999999996
76.0,-26.763525,32.236757,59.000282
76.1,-18.389672,27.654743,46.044415
76.2,-32.127556,17.150863,49.278419
76.3,-24.459143,25.853204,50.312347
76.39999999999999,-23.323991,35.068356,58.392347
76.5,-21.724415,35.264085,56.9885
76.6,-19.703316,29.548892,49.252207999999996
76.7,-23.812258,35.397084,59.209342
76.8,-42.754877,37.812773,80.56765
76.89999999999999,-30.481036,34.51239,64.993426
77.0,-32.257594,32.742088,64.999682
77.1,-20.196668,40.657366,60.854034
77.2,-24.026249,35.17191,59.198159
77.3,-38.835244,36.295313,75.13055700000001
77.39999999999999,-22.139738,33.244535,55.384273
77.5,-19.992428,39.211884,59.204312
77.6,-23.292084,27.95897,51.251053999999996
77.7,-16.653865,47.016222,63.670086999999995
77.8,-25.358887,38.255895,63.614782000000005
77.89999999999999,-24.754612,34.348117,59.102729000000004
78.0,-36.664528,36.735184,73.399712
78.1,-38.876506,30.446232,69.322738
78.2,-35.515524,19.626606,55.142129999999995
78.3,-31.948255,27.945981,59.894236
78.39999999999999,-26.930759,16.912564,43.843323
78.5,-33.942718,20.118054,54.060772
78.6,-28.54479,14.807847,43.352637
78.7,-31.161866,7.1572264,38.3190924
78.8,-41.406655,-0.79862744,40.608027560000004
78.89999999999999,-32.566671,-4.1179098,28.4487612
79.0,-32.692203,23.07702,55.769223
79.1,-32.008445,18.320246,50.328691000000006
79.2,-27.836813,10.279797,38.11661
79.3,-16.746603,23.05714,39.803743
79.39999999999999,-24.639128,10.610544,35.249672000000004
79.5,-26.181927,18.368252,44.550179
79.6,-32.84161,-2.2350717,30.606538300000004
79.7,-34.628296,12.399797,47.028093
79.8,-34.236022,7.6520286,41.8880506
79.89999999999999,-21.654609,10.852156,32.506765
80.0,-19.92344,12.324095,32.247535
80.1,-27.310466,22.66252,49.972986000000006
80.2,-20.779358,12.913746,33.693104
80.3,-13.270494,19.738736,33.00923
80.39999999999999,-22.384253,16.035363,38.419616000000005
80.5,-21.693433,16.351678,38.045111
80.6,-19.103986,21.289233,40.393219
80.7,-10.520437,14.590352,25.110788999999997
80.8,-13.245385,28.648371,41.893756
80.89999999999999,-18.554531,30.234823,48.789354
81.0,-22.054398,7.5948135,29.6492115
81.1,-26.90883,15.805389,42.714219
81.2,-21.957085,0.66399589,22.621080889999998
81.3,-23.596452,13.420229,37.016681
81.39999999999999,-23.34307,26.173694,49.516764
81.5,-27.381572,19.463992,46.845563999999996
81.6,-29.233688,19.260394,48.494082000000006
81.7,-22.760707,11.842297,34.603004
81.8,-31.476491,22.724489,54.20098
81.89999999999999,-17.395634,28.926288,46.321922
82.0,-35.00822,19.660411,54.668631000000005
82.1,-32.679789,16.288358,48.968147
82.2,-27.565677,16.348707,43.914384
82.3,-30.978041,5.5006781,36.4787191
82.39999999999999,-12.875755,9.3309835,22.2067385
82.5,-22.081689,10.545417,32.627106
82.6,-27.26652,20.004567,47.271087
82.7,-17.800762,10.417758,28.218519999999998
82.8,-17.63161,12.539881,30.171490999999996
82.89999999999999,-13.878158,10.081458,23.959616
83.0,-29.25074,13.199096,42.449836000000005
83.1,-33.247305,22.201812,55.449117
83.2,-37.330254,24.147035,61.477289
83.3,-30.902134,8.0444775,38.9466115
83.39999999999999,-15.592477,3.3771973,18.9696743
83.5,-30.80229,16.44461,47.2469
83.6,-33.386456,12.94153,46.327986
83.7,-27.043561,9.6953889,36.7389499
83.8,-31.571324,13.1765,44.747824
83.89999999999999,-38.065269,10.123979,48.189248
84.0,-29.873356,33.46494,63.338296
84.1,-31.529105,16.792454,48.321559
84.2,-24.993509,30.913919,55.907427999999996
84.3,-18.601295,36.4837,55.084995
84.39999999999999,-18.641112,22.509484,41.150596
84.5,-24.59475,33.232777,57.827527
84.6,-40.205282,47.842447,88.047729
84.7,-31.355459,52.033301,83.38876
84.8,-15.876871,48.410813,64.287684
84.89999999999999,-17.517776,37.701777,55.219553000000005
85.0,-14.67943,39.467312,54.146742
85.1,-9.8133055,37.486377,47.299682499999996
85.2,-23.151271,47.322138,70.473409
85.3,-18.424508,40.909767,59.334275000000005
85.39999999999999,-29.347583,43.878155,73.225738
85.5,-34.793174,42.838951,77.632125
85.6,-20.305536,38.478723,58.784259000000006
85.7,-32.589039,29.770417,62.359455999999994
85.8,-24.628642,36.076149,60.704791
85.89999999999999,-18.904275,38.599151,57.503426
86.0,-23.211133,32.529346,55.74047899999999
86.1,-32.838336,43.859294,76.69763
86.2,-14.155145,38.434987,52.590132
86.3,-26.924952,46.959085,73.884037
86.39999999999999,-27.769133,46.371869,74.141002
86.5,-22.86406,51.143919,74.00797899999999
86.6,-28.492433,52.703005,81.195438
86.7,-13.235682,28.584221,41.819903
86.8,-14.476127,41.789038,56.265164999999996
86.89999999999999,-21.299822,44.113351,65.413173
87.0,-22.576642,39.623267,62.199909
87.1,-28.015511,38.92958,66.945091
87.2,-25.300242,32.926476,58.226718000000005
87.3,-22.748465,41.065592,63.814057000000005
87.39999999999999,-31.094449,40.067998,71.162447
87.5,-22.379152,48.720933,71.100085
87.6,-35.009987,38.391263,73.40125
87.7,-37.332115,44.077648,81.409763
87.8,-27.889582,47.895222,75.784804
87.89999999999999,-21.738318,36.707321,58.445639
88.0,-29.639525,43.621348,73.260873
88.1,-14.313575,48.194393,62.507968
88.2,-23.500779,37.895297,61.396076
88.3,-21.238613,63.634162,84.872775
88.39999999999999,-24.041396,41.639152,65.680548
88.5,-17.056781,47.56975,64.626531
88.6,-19.024294,43.133214,62.15750800000001
88.7,-18.821583,39.660269,58.481852
88.8,-32.324524,42.386699,74.71122299999999
88.89999999999999,-29.808116,39.827259,69.635375
89.0,-28.608813,42.713924,71.322737
89.1,-23.327712,52.19575,75.523462
89.2,-33.032402,38.923576,71.95597799999999
89.3,-32.939621,34.460521,67.400142
89.39999999999999,-32.730234,42.965234,75.695468
89.5,-31.221618,35.994045,67.215663
89.6,-16.323537,19.407913,35.73145
89.7,-40.608026,35.158418,75.766444
89.8,-19.778925,49.727126,69.506051
89.89999999999999,-27.466207,46.326151,73.79235800000001
90.0,-32.315796,45.450879,77.76667499999999
90.1,-28.235925,34.732264,62.968189
90.2,-26.424406,34.199827,60.624233000000004
90.3,-26.886251,41.165036,68.051287
90.4,-25.517706,36.890499,62.408204999999995
90.5,-35.595144,41.163141,76.758285
90.6,-32.805494,30.481447,63.286941
90.7,-38.443976,9.7839731,48.227949100000004
90.8,-27.844122,11.233313,39.077435
90.9,-19.618422,21.110888,40.72931
91.0,-19.523448,22.817588,42.341036
91.1,-24.840917,27.473022,52.313939000000005
91.2,-27.581147,22.031394,49.612541
91.3,-36.60363,18.749265,55.352895000000004
91.4,-29.151233,13.141483,42.292716
91.5,-29.086082,14.956367,44.042449000000005
91.6,-37.251018,20.632616,57.883634
91.7,-42.809377,18.536399,61.345776
91.8,-46.705998,36.949043,83.65504100000001
91.9,-34.843103,32.647075,67.490178
92.0,-33.365939,21.846354,55.212293
92.1,-31.892228,19.764804,51.657032
92.2,-11.744803,42.911677,54.656479999999995
92.3,-26.44881,38.677214,65.126024
92.4,-29.068145,29.383284,58.451429000000005
92.5,-28.592319,13.163882,41.756201
92.6,-22.510287,27.037731,49.548018
92.7,-25.444273,22.276273,47.720546
92.8,-29.636284,19.16989,48.806174
92.9,-39.844466,33.050734,72.89519999999999
93.0,-25.381586,20.838531,46.220117
93.1,-26.532768,24.785095,51.317863
93.2,-18.139673,27.482569,45.622242
93.3,0.68598784,29.463781,28.77779316
93.4,-17.514474,23.377944,40.892418
93.5,-19.300689,20.934527,40.235215999999994
93.6,-35.581611,19.231848,54.813459
93.7,-14.305229,21.982409,36.287638
93.8,-22.879486,31.368985,54.248470999999995
93.9,-23.850709,36.720317,60.571026
94.0,-24.496171,38.877836,63.374007000000006
94.1,-30.684254,36.739079,67.423333
94.2,-13.121255,30.936555,44.057809999999996
94.3,-30.645108,36.860019,67.505127
94.4,-27.548027,25.098125,52.646152
94.5,-19.223817,27.024836,46.248653000000004
94.6,-34.340758,44.777222,79.11798
94.7,-29.422338,44.198022,73.62036
94.8,-33.958243,45.337969,79.296212
94.9,-20.419167,29.773269,50.192436
95.0,-28.384687,35.145503,63.53019
95.1,-34.335298,18.111473,52.446771
95.2,-24.210735,22.7913,47.002035
95.3,-23.507055,25.181242,48.688297000000006
95.4,-21.107257,32.015532,53.122789
95.5,-22.310796,33.63622,55.947016000000005
95.6,-9.9594264,31.750457,41.7098834
95.7,-11.57573,27.231422,38.807152
95.8,-8.8444677,41.62244,50.46690769999999
95.9,-9.2061323,30.495892,39.702024300000005
96.0,-19.016814,46.617179,65.633993
96.1,-25.185155,39.686779,64.87193400000001
96.2,-18.420133,26.498445,44.918578
96.3,-34.295771,35.814635,70.11040600000001
96.4,-24.1371,26.867486,51.004586
96.5,-31.660765,25.339485,57.00025
96.6,-38.229296,14.300478,52.529773999999996
96.7,-29.773959,24.739946,54.513905
96.8,-29.378517,13.575761,42.954278
96.9,-27.856642,6.322414,34.179056
97.0,-33.79331,20.993471,54.786781
97.1,-35.007227,9.8649835,44.8722105
97.2,-31.86801,24.901777,56.769787
97.3,-29.84619,23.994011,53.840201
97.4,-25.083703,43.346691,68.430394
97.5,-31.285552,47.816509,79.102061
97.6,-28.305709,41.093111,69.39882
97.7,-21.385246,52.730009,74.115255
97.8,-21.492694,36.955619,58.448313
97.9,-13.508989,39.944838,53.453827
98.0,-19.037381,47.848064,66.885445
98.1,-19.824072,43.833788,63.65786
98.2,-26.69744,51.954481,78.651921
98.3,-31.166069,46.78922,77.955289
98.4,-18.863053,44.13278,62.995833
98.5,-31.261892,37.86719,69.129082
98.6,-17.826867,44.030493,61.85736
98.7,-37.027855,41.602217,78.63007200000001
98.8,-39.282285,43.041208,82.323493
98.9,-38.339068,33.269576,71.608644
99.0,-34.56868,42.921915,77.490595
99.1,-38.921551,41.160805,80.082356
99.2,-30.843478,34.183433,65.026911
99.3,-23.272398,37.797597,61.069995000000006
99.4,-29.635054,41.080908,70.715962
99.5,-25.33684,41.801244,67.13808399999999
99.6,-38.843319,60.465316,99.30863500000001
99.7,-27.782112,52.067675,79.849787
99.8,-27.483832,49.761545,77.24537699999999
99.9,-23.099748,41.72287,64.822618
100.0,-27.175393,54.287021,81.462414
