time_ns,Rg,RMSD
0.0,86.8456485188905,85.79767319741565
0.09999999999999999,37.55187602941373,37.53355450805668
0.19999999999999998,33.50673454406161,33.40170508719935
0.3,28.49927288345788,28.384823272884134
0.39999999999999997,30.62043059407815,22.906432911376115
0.5,34.625901817172156,28.609921811576775
0.6,28.825641757233715,25.555353871971043
0.7,26.006844868637177,24.489814825886203
0.7999999999999999,31.473756885969532,27.246648437557525
0.8999999999999999,23.843859414543115,18.052413060533173
1.0,23.4188941329593,19.238424428396645
1.0999999999999999,23.382822059202155,17.82002236103591
1.2,20.621053084995612,18.23321462755573
1.3,25.432280338266008,19.837629505771194
1.4,25.1742166617628,19.740916201856795
1.5,21.286219311915772,20.802416351551575
1.5999999999999999,25.492309803416283,20.226604779211733
1.7,23.310454888832073,17.6854109987687
1.7999999999999998,24.922335263210556,20.927223318934686
1.9,24.13230314924561,22.093811423260146
2.0,30.901090505275207,26.365388482904834
2.1,24.988234356610246,20.145962786151454
2.1999999999999997,22.7309492372165,21.096185239474462
2.3,19.911882921671072,18.91477594666429
2.4,20.540168307318886,17.967046475617778
2.5,20.090811335515475,16.415738729941314
2.6,21.216699692642262,16.822712753123973
2.6999999999999997,19.4156308157936,14.302858288547466
2.8,19.19907081087118,18.0585913641499
2.9,20.7367758062875,17.738443680499195
3.0,19.34648311416189,17.947460071654724
3.0999999999999996,18.377013374873428,17.74348119005402
3.1999999999999997,18.889934319789653,18.25412085296445
3.3,21.28470417538351,19.48731364612745
3.4,22.043522099703168,19.7860912662672
3.5,26.424200262727297,21.78559023547022
3.5999999999999996,27.23426422036285,21.02502202422916
3.6999999999999997,23.47990292396944,19.12636748391087
3.8,21.9406160387433,18.59235511564968
3.9,21.026800721599777,19.029893076433837
4.0,22.067229934902436,20.733347768089857
4.1,33.2489895243867,28.63208774274069
4.2,24.826558197988124,21.323409900995284
4.3,30.3545451720615,26.155893723395337
4.3999999999999995,26.072834371756393,22.070605058981744
4.5,26.45773281127955,24.09089399523435
4.6,32.68865009545528,28.094281765420387
4.7,32.40009996662247,27.971953023406826
4.8,38.12493798842585,33.318372621981354
4.8999999999999995,33.914381054067945,29.140545594595206
5.0,19.954895902996224,20.507784623339262
5.1,24.635610285522475,22.237643152497007
5.2,23.753713013112854,21.81017543190041
5.3,24.705788366633016,22.93512828795956
5.3999999999999995,31.46656476361791,26.745751289337473
5.5,35.61048730167659,30.018777551436827
5.6,27.765446779238506,25.394415086861613
5.7,29.330460314133838,25.705191365553198
5.8,25.486437990501255,23.947810726628358
5.8999999999999995,22.83206587351937,19.663342447113003
6.0,26.343911299377844,24.00762692797464
6.1,25.782374872327598,22.423080966573707
6.199999999999999,25.68112387215147,24.19047741268143
6.3,33.55603341044386,28.34592677657823
6.3999999999999995,37.40021224505022,32.7542586306252
6.5,29.490229853007275,26.72188502441748
6.6,29.241318277972866,25.369967309248654
6.699999999999999,31.84027650786031,27.035828201796814
6.8,40.00760962482265,35.303996192147984
6.8999999999999995,27.597562555055312,24.118830627185908
7.0,21.636434469549677,20.62173836708976
7.1,22.466930256472473,20.905230386410917
7.199999999999999,31.90454037612162,26.434329736357014
7.3,29.170317206096815,23.529547141919153
7.3999999999999995,24.29719233834908,20.669682270940317
7.5,25.240288247552243,21.54604393760316
7.6,27.263199757526955,22.715400024299488
7.699999999999999,27.547020172707374,24.35259998173924
7.8,25.543701506051356,21.482993898907257
7.8999999999999995,26.68168979334369,23.098091545911792
8.0,34.22854832323544,28.124887571620537
8.1,35.89128936454387,31.00256286857114
8.2,33.626116791993546,29.778935592763432
8.299999999999999,27.43373029662365,23.076540685952835
8.4,25.926939431532908,21.07895378675754
8.5,27.08128484892274,26.61445738908246
8.6,32.84998986599235,27.52055432850277
8.7,36.8300799554983,35.53633997860556
8.799999999999999,26.190829342515407,21.2606755782478
8.9,39.804527543125864,36.19921639021718
9.0,48.96502488647384,44.54492018957051
9.1,41.56677025196153,36.935495733500545
9.2,31.77665748288257,27.963564257735634
9.299999999999999,34.928673835213495,30.354154667218484
9.4,29.85215913793985,29.161346830616445
9.5,23.36152528761386,22.777613802634235
9.6,25.114635468782787,24.704165371935915
9.7,26.262365789017323,26.654807266075686
9.799999999999999,30.325123877929794,26.660827414507892
9.9,34.4468059156993,29.992540801166754
10.0,28.518679745840902,25.037972872197816
10.1,25.417340147216734,22.23634927915805
10.2,29.80669619429217,27.136497496046612
10.299999999999999,22.423732743385912,22.67209865541028
10.4,20.563131670825786,19.17330088506519
10.5,23.69296102558181,22.949099658003846
10.6,23.236306255763832,20.3072759447395
10.7,23.85866109886665,21.53765872516236
10.799999999999999,23.49348501230809,21.338811542342803
10.9,24.154567409303368,20.570816020351252
11.0,30.03457070511234,26.185976142990754
11.1,31.380952327591075,26.223477465671923
11.2,25.163556677625103,21.36085430086811
11.299999999999999,29.650439348359708,25.277741823169116
11.4,30.84158515962986,25.00878776910425
11.5,27.285202531428723,22.858510875545594
11.6,27.362167380304314,21.47259044195519
11.7,26.4215944076996,22.804415448374954
11.799999999999999,26.41295881521203,21.823166158424687
11.899999999999999,22.61768395675955,20.92468099064967
12.0,21.57377016174795,19.81051604452048
12.1,20.54386887194339,19.143597246899816
12.2,21.198384578788886,18.676913311897916
12.299999999999999,23.759606062492633,20.194082395853357
12.399999999999999,25.210391458010037,20.07638529447664
12.5,29.541257148811958,22.782188084964545
12.6,24.08245473327147,18.774061401189417
12.7,20.369194356861843,18.99913798809829
12.799999999999999,27.658234784246442,21.84480892755435
12.899999999999999,29.875232596870934,24.368868552447204
13.0,30.012070016956496,23.98671986516833
13.1,25.790437081137295,21.095875058612922
13.2,19.758819763145766,19.9786968200728
13.299999999999999,26.02302975469278,21.73196419305126
13.399999999999999,23.409102194757455,20.526380548799672
13.5,28.73242870158351,24.139491853109856
13.6,36.115214114112376,30.08375407641523
13.7,33.312620949836784,27.831265822919942
13.799999999999999,34.04239963203698,28.412477414725313
13.899999999999999,30.129424948280093,25.379373351469138
14.0,31.835630524682283,26.29334554356439
14.1,25.07555695449144,22.878044229704756
14.2,24.88441114982198,22.69773894874362
14.299999999999999,30.179961631954143,24.75552453467364
14.399999999999999,35.2883498064137,29.80930515200436
14.5,28.474702396784217,25.67553550162551
14.6,27.503074787444266,24.76857461307587
14.7,28.926064805637996,24.064020951978897
14.799999999999999,33.41517922173992,27.758848602320583
14.899999999999999,26.989180744343074,23.788029409542325
15.0,28.663597480511452,24.938760909455194
15.1,33.91075712397836,28.49171485446307
15.2,30.83814783049393,26.318770821475194
15.299999999999999,35.619407092642035,29.36797603210539
15.399999999999999,30.40182913122782,25.43234558713566
15.5,30.298536650867145,25.382135864764997
15.6,30.68056435332245,24.72099990717244
15.7,28.750865774511247,25.072134692787024
15.799999999999999,21.91122153836029,19.975515784654956
15.899999999999999,29.452197369836508,24.375297031882507
16.0,26.81805988909398,20.872254960289535
16.099999999999998,23.200274473733202,19.47008893548503
16.2,24.897497490545884,19.29312505809739
16.3,29.028549383902128,24.618397606123075
16.4,24.6483210245949,20.766444448782558
16.5,25.705688598513156,20.626075328661003
16.599999999999998,28.014633785410123,22.06407683033445
16.7,25.870158618087174,20.87679994341483
16.8,23.207501817028646,20.23565536072856
16.9,26.785208457442362,21.587447910777012
17.0,29.03964309356545,22.902042979544234
17.099999999999998,25.567673691975997,20.400901209192384
17.2,21.81104130302316,18.917101797537747
17.3,24.97254389129508,21.570986718840977
17.4,24.42844352789476,21.070003275966556
17.5,21.174171559069435,20.784161542677825
17.599999999999998,26.45524473281897,20.85539026124108
17.7,35.040027577548955,28.31650663229062
17.8,24.790677910844757,21.85185621516976
17.9,24.40045201798275,18.708640545542668
18.0,20.995499623310742,19.7617809967045
18.099999999999998,24.72221190800209,22.15280048707414
18.2,20.911897317853033,16.8638801946559
18.3,28.365233294744108,22.670315147306017
18.4,26.24089941459759,20.049184140776667
18.5,30.5137937943029,24.125554456654957
18.599999999999998,25.683971311133607,20.07867663906583
18.7,23.3907235330949,18.215426105369346
18.8,23.541279909863942,18.646026996970395
18.9,21.826675361889517,17.501349749045705
19.0,21.48279031453543,15.805361401132673
19.099999999999998,21.94265163520432,17.913520716879983
19.2,23.072534592568577,18.536041419873968
19.3,21.155614778967887,18.561275106259327
19.4,24.402918613210506,20.873373296392533
19.5,22.638295665723938,19.353151333186222
19.599999999999998,25.478331415964927,21.669777212829043
19.7,19.146267451600785,17.45549713496474
19.8,19.944539982938164,19.381938184458658
19.9,21.37921068614121,17.987199967206845
20.0,22.160391807328622,18.125223715447227
20.099999999999998,19.983296780143245,18.957592542633094
20.2,24.86449541464012,19.90072095369523
20.3,21.95707100716468,19.462275516776206
20.4,23.367742989321716,17.78524759906473
20.5,22.50267483221491,21.004198050252278
20.599999999999998,25.629335588224393,21.181876818377873
20.7,28.706702653307257,22.693583959965107
20.8,26.833185087807593,21.36155331037496
20.9,24.866400316928107,18.407510671570964
21.0,25.308809964107517,21.72697895712919
21.099999999999998,24.14549940014875,21.115677475936128
21.2,26.717526992172576,21.699591223938015
21.3,24.56120671586567,21.6981607564811
21.4,21.652624601672684,18.08170478344401
21.5,22.600493408848543,20.677907611401572
21.599999999999998,21.460458214711778,19.16787333039833
21.7,22.189764419789746,18.29697075095047
21.8,22.993888010162916,18.960861189327773
21.9,27.077567293322595,21.46610088443895
22.0,25.168713856636217,20.62201423604305
22.099999999999998,27.693952987235463,21.492190310702206
22.2,24.334716599573245,19.577631369215005
22.3,22.306734449283464,20.935616371885104
22.4,24.707928455172926,21.39000137983071
22.5,26.3951596345579,21.835522298814354
22.599999999999998,29.751050306341025,24.811316383446023
22.7,27.924779098816675,23.846963934611907
22.8,27.455331780084634,24.836587297389173
22.9,39.273990926877744,33.289152018957644
23.0,35.667354970978465,30.95140152704903
23.099999999999998,24.18912725529073,21.51871304231882
23.2,24.782331827597904,20.037501815201175
23.3,24.98519070838599,21.173793934826033
23.4,24.15039234087116,21.23762522664844
23.5,24.54054756330439,18.72695424502461
23.599999999999998,25.305037490290005,20.128812208941532
23.7,23.911932244655652,20.295876031390083
23.799999999999997,23.89747160777857,20.630373280320732
23.9,22.97433322665745,19.400499387381103
24.0,24.146735380179503,20.07608655056078
24.099999999999998,28.137944442231557,22.505179466289793
24.2,25.373811634567954,20.922582338374106
24.299999999999997,29.27645032619167,23.923423928378106
24.4,33.23004781880341,26.957107006737633
24.5,29.79815373817863,25.42004898615839
24.599999999999998,27.16295391094793,23.07632540149757
24.7,27.95636892689367,24.04258625776282
24.799999999999997,25.711249050952535,22.65924852189438
24.9,25.794976771147905,25.154486124782537
25.0,26.47011077310392,24.706924502399847
25.099999999999998,31.164987283566838,26.425749133107765
25.2,31.944127719548543,27.486543165551993
25.299999999999997,29.890576386342726,26.35301777250762
25.4,30.50608840009751,24.477002955852345
25.5,36.318323838300834,31.043202917972486
25.599999999999998,38.134552183807614,32.79470107773629
25.7,36.53876528235879,30.61266897598616
25.799999999999997,31.068643722325046,26.66420322696109
25.9,26.081156797124656,22.582461565631576
26.0,23.553964505480035,24.06777166145888
26.099999999999998,21.87137975494999,20.60000650940652
26.2,22.309694561562672,20.274797035163285
26.299999999999997,22.030588214038154,20.700653254775485
26.4,27.37302710025502,23.82032205457636
26.5,37.139465882913825,31.27168516793601
26.599999999999998,31.808936359322942,27.51452755759464
26.7,28.29539320804987,23.82596301659973
26.799999999999997,27.394362328003535,21.50797030233878
26.9,22.312284003010273,19.104038319442395
27.0,20.84360523681389,18.59380072746529
27.099999999999998,21.28624801574384,16.11330327212271
27.2,20.863395913155678,17.0922270650294
27.299999999999997,23.896918390175117,19.801155902186572
27.4,21.399185620223346,18.484926420221306
27.5,23.514961148373104,20.52284253981883
27.599999999999998,20.899754793433438,17.893606947262068
27.7,22.26809602655878,19.549199309486486
27.799999999999997,21.939824025000153,20.391115210639857
27.9,20.575651507350663,21.59598390022661
28.0,22.239511452630257,22.291250785625014
28.099999999999998,21.664313536489097,23.286292747229467
28.2,19.607514191279975,20.905497898845002
28.299999999999997,19.277442069316947,21.079061781426315
28.4,21.155420074056764,23.44154795890915
28.5,19.823423923014065,21.994696949617595
28.599999999999998,24.48523368898704,23.32635763342312
28.7,20.07614355955247,21.096604063544973
28.799999999999997,31.305576096263653,26.852310792943726
28.9,31.949503249445975,27.783064410027325
29.0,24.332903496622272,20.204399119131107
29.099999999999998,29.464337723310187,28.1203933759222
29.2,24.808013999151235,23.189313780684298
29.299999999999997,35.208646987392385,30.27051739712087
29.4,33.31998913979487,29.00455658152997
29.5,33.198294669646856,28.455749597701356
29.599999999999998,36.117358267809266,32.208247681479435
29.7,30.43730659593702,25.670322879166143
29.799999999999997,28.906288880829653,25.07199740001577
29.9,27.595139728327396,22.98851633861167
30.0,33.00040963799206,26.251920352190112
30.099999999999998,34.53686109318469,29.47715043109066
30.2,24.670848273834398,22.119146395624572
30.299999999999997,30.704140421100572,25.54287070134142
30.4,33.568755613965756,28.8135865463514
30.5,28.573573599828993,23.207021366949853
30.599999999999998,30.643417939463127,25.447014719623798
30.7,23.577377244611355,20.504013764118405
30.799999999999997,26.15850756740122,23.226987483259702
30.9,31.55058340604532,25.475999192459316
31.0,25.529057727763362,21.81588926030987
31.099999999999998,25.621564549520322,21.925755555038137
31.2,24.48358459495858,22.569267409800894
31.299999999999997,23.982261884398806,20.37551168300399
31.4,31.486090419410118,27.92873767923121
31.5,32.12953107816197,26.70736039484589
31.599999999999998,30.448373277633948,24.24403160751129
31.7,34.04608035353624,29.432958326380543
31.799999999999997,29.749512317676093,23.67981783968776
31.9,30.435959312355514,26.03123453053063
32.0,27.615290995230335,22.68594829384124
32.1,28.993966096374137,24.170733041453815
32.199999999999996,33.42053077077599,28.60578106978735
32.3,27.156968639986076,22.99684522124018
32.4,27.843697870716174,25.332408992046084
32.5,31.30202681385237,25.401067772383847
32.6,29.991272774062587,24.91391552405649
32.699999999999996,24.543015442507258,22.17358109464998
32.8,25.314370528377385,23.670262873542868
32.9,31.34886133586001,26.76025482025392
33.0,28.51435222451222,24.536960785455435
33.1,26.031233216887802,23.031628507410424
33.199999999999996,20.85465928969343,20.805718758875635
33.3,22.037607790223618,18.822914510990525
33.4,22.548516728083875,18.44852772711723
33.5,22.449680477599863,20.198727648861038
33.6,22.915302981105846,18.30969697227867
33.699999999999996,27.736059957225148,20.62501098986859
33.8,24.35131499418819,21.14683260858395
33.9,22.59258967205764,21.643114767628592
34.0,21.52501771665757,22.52705032633471
34.1,25.170820402939125,19.543045961103182
34.199999999999996,28.4194798698001,22.4816497330365
34.3,25.2802874552956,22.28263377073068
34.4,28.388710535501822,22.539906071939185
34.5,21.12789720214826,20.775945257017163
34.6,26.761688441155076,22.225219888561266
34.699999999999996,29.37410426108513,23.035690495495963
34.8,22.0433784584478,19.065275586556034
34.9,25.801231059388055,20.83052366373887
35.0,29.659996264844732,24.021160778364155
35.1,26.95393657060239,22.248609513578764
35.199999999999996,21.159470282933917,20.30495242491807
35.3,25.307279247170595,20.335504230335015
35.4,25.975685143457703,20.788814355300765
35.5,21.937161503846127,21.52565507909595
35.6,26.8847527041604,23.678636666940655
35.699999999999996,31.409688938733368,25.23894341030764
35.8,30.79832224163605,25.69398065475031
35.9,26.247598581487154,23.526594775385465
36.0,25.16713467022854,21.86459896103171
36.1,29.348942198012058,25.494087105443544
36.199999999999996,25.424321005209407,20.73767385834876
36.3,23.050476266595407,22.783022896342317
36.4,21.81245969893462,18.443583520965024
36.5,21.380423841811858,17.525178286785245
36.6,19.184878279654313,19.048927603501213
36.699999999999996,22.134203242100895,18.925916607061197
36.8,22.16909713062492,19.0291857332667
36.9,24.155568982098192,20.16782996339425
37.0,24.23610329783724,18.97611841990675
37.1,24.377488361468522,20.29758065020108
37.199999999999996,21.056719371034784,17.629779764495247
37.3,21.95734753881733,19.763792596535698
37.4,21.71670699779649,18.322597339320318
37.5,20.888507331797488,14.783975005184232
37.6,21.88056832381212,18.340731765390593
37.699999999999996,25.099706407938438,19.887372978139094
37.8,23.419007268723373,18.897611392847
37.9,22.4932516010607,20.021507887900405
38.0,24.083236801249686,21.594188411343417
38.1,20.40985983292992,20.27881910329297
38.199999999999996,23.72133071927934,19.936856065797528
38.3,24.070381933721308,19.883491381419883
38.4,24.566211629673592,19.529776691633565
38.5,22.77938029307902,18.732944919194004
38.6,23.068948604915985,19.23840227172662
38.699999999999996,21.72843498457477,18.136124328134454
38.8,22.742985585016346,18.119068583664166
38.9,21.652944365430447,18.540651208010868
39.0,19.449373969756856,18.565138243844846
39.1,22.45146153295554,19.1409655603381
39.199999999999996,21.118713806981884,20.49924291448081
39.3,28.870454385153497,25.686754987755986
39.4,21.78784966679027,20.806333550710985
39.5,26.548532004848344,24.441901262983148
39.6,29.647309491133473,26.655968353434364
39.699999999999996,32.95283258343383,28.078056142590057
39.8,25.6969955816305,21.180025033686007
39.9,30.44536721233188,25.176536125630335
40.0,22.58155114582433,21.61204262375244
40.1,28.77937473882162,25.173043636065497
40.199999999999996,25.407690321190174,22.377297013232514
40.3,27.30228883080275,25.23953192123359
40.4,30.40558644799286,27.82581708193061
40.5,36.98344935641504,30.806996800191527
40.6,33.07183238055107,27.439436630936992
40.699999999999996,27.94937917641266,25.76106023234259
40.8,23.433493868501024,22.77168470654847
40.9,22.52533612962803,22.252653979460877
41.0,20.937884944705104,20.520001294515694
41.1,27.641858124241708,24.414435945486694
41.199999999999996,33.24603233365547,27.213983907027554
41.3,32.271358106810574,28.5637870791577
41.4,30.31609253612853,24.62575242787977
41.5,29.018118723504646,25.641644974989344
41.6,24.11420873494734,22.771161224690026
41.699999999999996,22.358214740929274,21.10274428104389
41.8,36.02278663142148,30.275911495927083
41.9,27.1980804507706,22.773598395694677
42.0,21.724895301492417,22.05215614850845
42.1,24.05482835708306,21.428757804873364
42.199999999999996,21.551205808869614,19.237604768574855
42.3,24.920643018602988,19.955745925116307
42.4,28.696862643970157,23.432719981171644
42.5,21.416384859221527,20.51032028434747
42.6,26.490846836711455,23.016378536023403
42.699999999999996,34.66594729598083,28.976474983563293
42.8,29.07131170327843,24.468478446255123
42.9,29.122199140051006,25.169058903401474
43.0,27.054764088561843,23.694750457694298
43.1,27.083689744608982,22.651803650376138
43.199999999999996,33.2610521393126,28.00190177921496
43.3,32.78212726665056,28.40682262287673
43.4,24.981219273160036,24.21800473322239
43.5,24.379989461456194,25.417010463629314
43.6,26.004399228730755,22.600384064253724
43.699999999999996,35.10541915428006,29.4926078646731
43.8,31.811107243309962,26.589686134980997
43.9,32.11241462289508,26.805221525962516
44.0,29.114921258801125,24.160954128447987
44.1,25.250144751588316,21.649187133393024
44.199999999999996,25.084916881902036,24.20527429720707
44.3,25.607835355116976,22.370538311488733
44.4,26.773685157280685,24.196044267173736
44.5,28.878672535285112,23.758406364748502
44.6,26.469542478645813,21.894123026275338
44.699999999999996,21.69717936317,19.900497843448523
44.8,27.027916445128724,21.336599618944152
44.9,22.801125536154874,21.82481816152393
45.0,26.82062510281603,22.48348490799665
45.1,27.92183194814147,24.98387243312686
45.199999999999996,22.708588556380846,21.642654257192408
45.3,26.321399505886486,23.000907261181116
45.4,27.721650770545033,22.579490114360024
45.5,28.73787814582856,23.674601605106226
45.6,26.41968933430781,21.368453467701567
45.699999999999996,30.184851322187434,25.427476177596166
45.8,21.860403464240477,20.929725434549074
45.9,25.33535121859323,24.178802066163517
46.0,25.877938269401817,23.524889946869536
46.1,28.40086508188548,23.869926530306987
46.199999999999996,25.213454955388194,22.784821686408893
46.3,23.87915767583081,22.41133280677321
46.4,32.48214439549513,27.95112309949761
46.5,33.72083783836543,29.037057149673988
46.6,27.03043851244957,23.873214282179614
46.699999999999996,28.288274684761582,24.31057291393946
46.8,24.189538550824135,23.419719441964226
46.9,25.66021464947201,20.542135000506033
47.0,24.93160257073536,22.691426712175836
47.1,26.868590052789088,22.823393303584574
47.199999999999996,25.106768583631663,19.738238159442904
47.3,27.301848599112724,22.130029099185695
47.4,22.252367044298957,21.132519425848766
47.5,31.091755879050076,26.09153906140175
47.599999999999994,38.39785979167739,32.01608675504744
47.699999999999996,27.77016736465549,22.09939780913408
47.8,28.23677596951595,25.451532584096192
47.9,25.11379389460807,22.589311648177556
48.0,33.24686568939089,27.93648455607961
48.099999999999994,30.15986236384756,25.96500874258453
48.199999999999996,28.695029960025593,24.489620604368785
48.3,28.177169456831543,23.662898958502055
48.4,29.97218292979485,23.92399700302613
48.5,28.500806760457227,22.565698687087963
48.599999999999994,25.600759268614777,20.433736247553888
48.699999999999996,29.591852440475915,23.144190359007162
48.8,22.56569933642871,19.56448855414851
48.9,23.898208495735652,20.50642152973469
49.0,25.632857217303055,21.00223353973629
49.099999999999994,22.937266438888948,20.739867653126197
49.199999999999996,26.27980403274026,20.854118627471454
49.3,22.85482587359655,20.233011847593982
49.4,23.664205849005334,19.711576637139647
49.5,27.597421829385627,21.709211495638744
49.599999999999994,26.60051488707114,21.864363390167046
49.699999999999996,29.363357636999673,23.06122719372053
49.8,26.724439324201178,22.093304976399274
49.9,20.128332014725732,20.384155537411797
50.0,23.462291289239637,19.42009211421678
50.099999999999994,26.071077238053896,22.32747166637573
50.199999999999996,26.78743279943095,22.634116897515103
50.3,23.06695472034641,21.012938994012593
50.4,23.813046448537083,21.63897318416637
50.5,25.847873180340965,23.028427636515413
50.599999999999994,32.73391952572816,26.935398035356123
50.699999999999996,29.28412733958383,24.390615226357145
50.8,20.540526284496107,20.165685682353953
50.9,25.18710637008228,20.866374555569045
51.0,21.20438333442628,20.983600660674508
51.099999999999994,26.37617216421323,22.21845435812997
51.199999999999996,22.19458064685447,19.358384979404995
51.3,24.583331357717825,19.94059582778219
51.4,24.878527085424953,19.8919719232615
51.5,26.723874899828218,21.143357647330916
51.599999999999994,25.581077367286316,19.85119204797985
51.699999999999996,25.512779430323057,20.002569846347527
51.8,21.904313445059703,18.548621053475127
51.9,20.927259036188737,17.44765617507864
52.0,20.80628123628292,20.68460649723294
52.099999999999994,23.721289741462055,20.641970126869715
52.199999999999996,26.319914268471116,22.42049728843119
52.3,29.779441208284837,24.88643013382622
52.4,24.41572314071497,24.756947903603194
52.5,24.759802229643352,22.53137874881422
52.599999999999994,25.65194487809158,22.07631590475503
52.699999999999996,24.391484845869968,20.25773201651716
52.8,22.9724254707195,17.797940382757442
52.9,25.56022262909034,20.357331099398834
53.0,24.33213179498248,20.77106365774434
53.099999999999994,21.07137986208452,17.51924572826159
53.199999999999996,22.986805783662607,19.73363923182815
53.3,24.747360247958365,20.47840432342235
53.4,27.188545559503975,20.300902517590696
53.5,21.884097208992188,20.2169721521626
53.599999999999994,26.990373175802112,21.376959589769722
53.699999999999996,26.308422960163046,20.886785441353474
53.8,22.045541932964305,20.26409543218257
53.9,21.733655389545838,19.80917423661936
54.0,25.144393582496026,18.919175263178378
54.099999999999994,26.28375240322781,20.423346099025533
54.199999999999996,23.992686197976255,19.455948612810648
54.3,19.86615190266891,18.8580402384752
54.4,25.67951224435341,20.758863930784177
54.5,30.30145041868029,23.2237086340002
54.599999999999994,26.537728209452123,22.315827075097847
54.699999999999996,28.350393026531638,24.492710500698152
54.8,25.937513656238945,22.90934639225463
54.9,28.576066862655345,22.92714253185395
55.0,26.394341472089124,23.41960901925576
55.099999999999994,20.946030014129235,20.37288749139382
55.199999999999996,27.291946484952316,22.130319872815846
55.3,25.122713012754772,20.47732220803041
55.4,25.08352488252144,19.174524542429378
55.5,24.98030551581321,20.706056501051187
55.599999999999994,20.789530013972623,16.444714693204652
55.699999999999996,20.59858058553887,19.30605007611466
55.8,23.9331028870579,19.72287810123832
55.9,24.243088260345154,19.89638309510214
56.0,28.905698416309555,22.99397025655332
56.099999999999994,27.105484231560343,21.371887592477833
56.199999999999996,29.125014972270204,23.638793979513885
56.3,25.551452924685105,20.983324455209427
56.4,27.89152012351176,23.70242863540621
56.5,25.830695122581496,21.573661989809914
56.599999999999994,29.390896208822255,23.859687028019774
56.699999999999996,22.579777706384416,19.598320853255142
56.8,24.12427364936986,19.71206824752947
56.9,22.765244066405238,18.047740385924048
57.0,20.5898735182018,17.370142567169715
57.099999999999994,24.407703972676824,19.1229105748573
57.199999999999996,22.99373963591107,19.160435647146894
57.3,21.36766392655574,18.089743570276884
57.4,23.000854219459352,20.013214290120022
57.5,25.27770187222235,17.787138023019978
57.599999999999994,23.824698194468134,16.16334384464453
57.699999999999996,22.16660046257217,17.13282592118385
57.8,22.13603516125651,14.015782613850087
57.9,25.303097777844886,20.82144238560369
58.0,25.67930834693465,20.39230376933511
58.099999999999994,28.432695167119558,22.845199161730893
58.199999999999996,27.894183754071342,21.910516491206305
58.3,27.451351081983432,21.237040818281738
58.4,28.803710506725235,23.199619808883227
58.5,26.715755392739545,22.839091506303845
58.599999999999994,28.766954205192967,23.247417749213785
58.699999999999996,23.73677672527843,18.998995343228973
58.8,23.688591502993138,19.717966684606473
58.9,18.880626361961006,19.283095005364114
59.0,20.753669558860242,20.168756845897093
59.099999999999994,18.91118640515133,19.961845307172368
59.199999999999996,25.815471747501714,21.683176987474816
59.3,26.774492524174892,21.525072303764947
59.4,24.106212444035464,19.706229330963072
59.5,22.10154322708225,19.49214877605368
59.599999999999994,28.458271383968196,22.61802598182895
59.699999999999996,22.202340221616314,19.31078244115416
59.8,21.03869480213377,18.518383137586767
59.9,21.178176761883776,19.788586802196555
60.0,26.827261891274706,21.088883975083988
60.099999999999994,26.244630577952844,21.867822992645948
60.199999999999996,27.611181821230577,22.31275510037031
60.3,26.225050822218208,20.647943465595716
60.4,26.836535307978004,20.925998083396085
60.5,24.409259228101018,21.66011545868921
60.599999999999994,25.81234021659671,24.13110780236129
60.699999999999996,25.997146420611212,22.699184194665996
60.8,26.422787504125772,22.102646021291008
60.9,28.41718881634272,23.474724988933698
61.0,28.026194828132542,24.53704505538163
61.099999999999994,28.668656936021414,24.997126650201047
61.199999999999996,29.840790769185325,23.974130376676584
61.3,27.013078211315527,21.351494214073934
61.4,27.21797611392121,22.055998785796824
61.5,25.038463084909104,21.371049014394284
61.599999999999994,25.654643746468963,20.808113628604104
61.699999999999996,24.678565795370993,20.851812475446685
61.8,26.69537300609678,22.767663612575827
61.9,24.984468640220083,19.346463337440024
62.0,21.64055654287991,18.7664769515618
62.099999999999994,26.193467358174487,21.31839184836866
62.199999999999996,23.77549840901022,21.667647082726145
62.3,23.450129545892956,20.485479966569077
62.4,23.653240024523573,19.731074647352735
62.5,24.503512576310225,19.832760893482444
62.599999999999994,24.8060530825213,21.36256177475603
62.699999999999996,24.107431057815514,19.063069923478384
62.8,26.36700299303677,21.079784385613827
62.9,25.864037056480576,21.33818419465179
63.0,29.217325712859857,24.175773717141784
63.099999999999994,29.388572285042823,22.777174480594084
63.199999999999996,21.343882749807353,19.004720941002354
63.3,21.497874496433145,21.28902778661855
63.4,25.287900594455508,20.22536968209275
63.5,26.793092111779075,21.49767374178145
63.599999999999994,27.94120536401477,22.399102623248297
63.699999999999996,26.182004119060085,22.4962738265797
63.8,25.2603160659804,19.712689252774183
63.9,22.1188198577266,18.39835934260918
64.0,27.521013239793522,21.79517060737934
64.1,20.498222559096504,14.93525531739228
64.2,28.021441285362254,23.325468984600786
64.3,21.432752466693454,16.08348923136928
64.39999999999999,25.36523561524561,16.6483195241016
64.5,24.93702621890418,20.89672619521512
64.6,23.707137592823706,20.221029221648138
64.7,21.485981868600373,12.481113261148632
64.8,24.49385828433078,17.656144428767497
64.89999999999999,22.231739927876326,17.97597142695393
65.0,22.420795279651298,19.352793194178876
65.1,25.110215999169732,19.20408756333634
65.2,24.03839047416102,19.71391554944435
65.3,20.48981259840046,16.102361752007905
65.39999999999999,22.218887637419034,17.511912818977276
65.5,21.371687671166242,15.973977470859527
65.6,23.380092342599536,19.317699052216373
65.7,23.320244838029716,18.761899832923344
65.8,24.555836902612324,20.126189000607795
65.89999999999999,27.77310865754122,22.66448426498952
66.0,20.166774687863057,15.781941257827366
66.1,21.159699090169152,12.939565371659453
66.2,26.790497633051604,21.036836839474685
66.3,23.41910768639716,16.37137196603883
66.39999999999999,24.516535025293045,18.47889186655636
66.5,23.029075507502302,17.151496987476943
66.6,21.442639368979744,13.893193585633066
66.7,26.57502865960624,21.747950064098653
66.8,20.718774643340335,13.24852216969886
66.89999999999999,26.650102432824934,19.980452086841513
67.0,20.974031711506825,14.884879044027585
67.1,22.45174755495514,19.07193737074648
67.2,25.76423590794089,18.239157413769682
67.3,18.689161288609625,15.393749134976984
67.39999999999999,20.133259101851436,15.364285769883086
67.5,21.95363580421752,17.09708652660791
67.6,28.65828863235975,22.535077478285118
67.7,24.862466145432087,20.021541595441583
67.8,26.33297704657285,23.48213148242727
67.89999999999999,25.469309378014213,20.85480981953336
68.0,28.007208694528998,23.267946085789987
68.1,26.109541692819818,22.05909186900641
68.2,26.031890170950728,23.3183516075417
68.3,27.033892295865144,24.051760178009197
68.39999999999999,25.792783469113658,22.235506051377506
68.5,26.971317956549743,22.396064566283957
68.6,24.885843970518927,21.91763698591909
68.7,23.023112603290436,18.858011267786523
68.8,28.28814193654824,22.93299060665083
68.89999999999999,27.667080488032287,20.78187556447563
69.0,20.591263936058635,14.345802214494777
69.1,19.796205916415428,13.909138410459708
69.2,24.29304739338099,18.166201262238665
69.3,25.123357408078565,18.960567533894626
69.39999999999999,26.174131636797572,21.84364156321869
69.5,22.29313757716077,16.50181054241786
69.6,24.38102376972667,17.41490707265444
69.7,24.071217808357627,17.75600348153028
69.8,22.313103475995632,12.636543831531444
69.89999999999999,23.319490023822674,16.8150672146918
70.0,28.645307877426305,22.769556629410104
70.1,27.092678352375337,20.961415204177893
70.2,24.968817204845656,20.338317131191804
70.3,24.726242391040113,19.044441781239044
70.39999999999999,22.50767305468945,14.69794845714534
70.5,21.237904114567105,16.604321555131612
70.6,20.76686635097399,16.35893122442036
70.7,21.950770500621026,18.155946115145674
70.8,24.723624535730504,17.772354763222644
70.89999999999999,28.471714970236782,24.354454434998654
71.0,24.456812685011247,19.4948186210568
71.1,25.832234414235014,22.62122166441767
71.2,23.464426159622665,19.338050176270738
71.3,27.74682567966942,21.217543232717393
71.39999999999999,29.37308367063601,24.489200458055073
71.5,24.418316732117074,18.15848057706567
71.6,20.92019373500242,14.114231636718067
71.7,19.14779086919217,13.909660825357006
71.8,25.38354350653385,20.30844637479908
71.89999999999999,30.899119552137243,25.610962601591684
72.0,25.72533889434225,20.483335621544295
72.1,27.923338050951713,22.906663747626006
72.2,20.909096974225964,17.50951760193802
72.3,19.733452428059525,19.41851731820061
72.39999999999999,19.225719008807275,17.990157422616008
72.5,21.01755636846618,17.285350110390073
72.6,21.74708855376202,18.537085678886523
72.7,23.9651902506391,20.85353483183278
72.8,23.096797668104077,16.78243764650195
72.89999999999999,19.16823716384067,16.765131888913327
73.0,18.577168916742096,16.910759008828503
73.1,19.185144651473504,17.699686790707133
73.2,19.882201091329474,17.433010762870307
73.3,19.205839582232247,14.887297975340799
73.39999999999999,23.672507211582587,19.118128419638186
73.5,20.651401104622565,11.534387286629725
73.6,19.62864538339521,15.414513001146464
73.7,23.87545910167274,18.852085274306916
73.8,21.850893260333997,15.740688968654885
73.89999999999999,21.346422328413514,16.53231200722652
74.0,23.902215786894324,19.22532061733741
74.1,24.803842300671604,19.651062784284594
74.2,22.01215181274069,18.107514591115912
74.3,24.18293398730859,20.572182290282218
74.39999999999999,21.404108684957254,15.560752442410575
74.5,25.077525657854252,19.85139654645426
74.6,24.971859580652012,18.757671752761144
74.7,19.592549839678853,14.548573018356182
74.8,18.44514488601825,13.98677499105987
74.89999999999999,23.80622438849817,18.905670384755695
75.0,24.308992652990636,21.179156768918855
75.1,24.27084022798859,19.81372995479656
75.2,23.616228945386748,17.478929479733278
75.3,22.76196242775381,16.56854464693302
75.39999999999999,26.693623609844877,20.1619364124009
75.5,25.42860954060959,17.259225374898552
75.6,26.242533370951254,20.206797350906026
75.7,23.733586794147662,16.764974562833093
75.8,26.069286541484157,19.84736433103374
75.89999999999999,21.716362450164098,13.86599585812341
76.0,25.177039006242897,18.674250701603867
76.1,25.957466357754495,21.043670053805617
76.2,22.76375229684387,19.057884769277386
76.3,20.28433074545102,15.758842811073743
76.39999999999999,23.19780826047938,19.327156970684783
76.5,28.764458504917535,23.583075847865445
76.6,25.774855187283077,20.965405499947195
76.7,25.33776902904976,20.516628567754626
76.8,26.819353066905542,23.484281402176133
76.89999999999999,25.30168709780805,21.443702865965435
77.0,23.212679222598855,21.10917720784403
77.1,27.504395861614892,21.959264390419246
77.2,21.01355026567776,16.698765668419423
77.3,25.606592356475836,23.025648009529775
77.39999999999999,29.42382428888469,24.365230554940062
77.5,30.02762633398391,25.140952231930402
77.6,27.970402319540472,23.59094792820308
77.7,25.20077768529907,20.0956823449335
77.8,21.640489809532102,19.925094747601726
77.89999999999999,26.965880768898412,22.335028710526544
78.0,20.687168481394842,17.78607085166246
78.1,22.568575078734145,17.20521238175002
78.2,25.32046319620927,21.615837684308744
78.3,27.43519638044677,22.297251501649562
78.39999999999999,27.934284348187038,22.239664786615084
78.5,22.333427768207443,18.942455558641996
78.6,20.31372712958961,17.172867946096797
78.7,22.992945443614012,19.10748296568759
78.8,27.25623853947992,22.97504681492562
78.89999999999999,25.849180184454234,21.57847966018758
79.0,22.228283391933246,18.526605634886657
79.1,21.68118708771472,17.725276568387653
79.2,26.578381755155803,22.40598897916682
79.3,25.02361505820682,20.416702170791066
79.39999999999999,27.2150334462585,22.749219841997075
79.5,22.3018487494126,17.088489523452697
79.6,23.08727378561575,19.143120864583082
79.7,23.898074941413608,18.832592580538456
79.8,24.06462137022783,21.595985016405624
79.89999999999999,25.003312362495123,19.24600950910417
80.0,27.866240609177645,24.46865977139635
80.1,27.422759640051698,23.643927188181173
80.2,27.630146755716062,24.344244588033455
80.3,25.65660105957192,23.686510225490842
80.39999999999999,29.98734805173178,24.6809031174814
80.5,29.777668646887538,22.58913088005006
80.6,28.125772374545456,22.691502639633633
80.7,30.569227118506568,24.385691536220232
80.8,23.967688417517454,17.81546835165273
80.89999999999999,22.289266084247693,15.303193797113616
81.0,23.526063648340475,15.043968744907666
81.1,23.806696608845286,16.435191420882724
81.2,22.79647712005009,16.796146223290965
81.3,27.286419485986876,20.442910020859426
81.39999999999999,24.011335181188716,19.86655974287401
81.5,27.001558282029283,21.159672633863245
81.6,25.997115724885173,21.01574152945027
81.7,21.337454643720232,16.702054600028188
81.8,24.9682449015709,18.849864177880754
81.89999999999999,19.664773714405992,13.814509516225081
82.0,20.757384002536316,13.589814902434261
82.1,20.754931037383283,17.153500489034887
82.2,26.306906576317456,21.560941577940447
82.3,22.593862007530213,14.83706752926898
82.39999999999999,21.984050143298273,15.42605337124039
82.5,22.690136871252808,17.986728584728635
82.6,27.359790379458545,21.43074476765259
82.7,26.692602447732217,20.76604931056435
82.8,23.54967936854129,17.518975622618616
82.89999999999999,20.51197144905003,17.379272884666573
83.0,24.273327537643123,18.1970151704362
83.1,28.00290137995529,23.519548204647943
83.2,23.15677279136071,19.876370922718053
83.3,29.685442754956913,24.60205161831958
83.39999999999999,21.551164103579012,16.32658242993714
83.5,25.130719484696883,20.774327966464767
83.6,24.97901198414362,19.036368433241964
83.7,23.66440738680895,16.668979287860914
83.8,24.537384025942977,18.801548412416235
83.89999999999999,21.383313586713182,15.295859358135555
84.0,19.312037426100265,15.07264185431439
84.1,20.868347218679524,16.664977854912934
84.2,19.956121768789387,15.178949515837745
84.3,19.373692322974936,14.560062217375389
84.39999999999999,19.602444355069075,15.709519273209638
84.5,19.43405939230577,16.396237218777742
84.6,19.720464187880243,15.583884757200995
84.7,20.290667296858125,16.199832518360004
84.8,20.321571149340322,15.621443933152326
84.89999999999999,20.844045226252973,14.735475452007446
85.0,19.458193388015584,16.06396676424736
85.1,20.407714371136766,16.447870206051967
85.2,20.303788289315552,14.610606724441913
85.3,20.657926162564024,14.969784757323021
85.39999999999999,19.39008872552018,15.727456199330003
85.5,23.493206930041442,18.938779859008566
85.6,21.730451359499682,15.644028276462357
85.7,22.43919966343638,20.08490840883253
85.8,26.692020746127973,22.15599096467417
85.89999999999999,25.116926413702714,19.191563754342763
86.0,28.063309654787137,23.30174611298992
86.1,23.489571376795915,18.700185714564604
86.2,26.05856916153755,20.797828000714674
86.3,25.739387340098027,20.30648847840413
86.39999999999999,24.904403384311156,20.24381752079148
86.5,22.935754693999375,17.25417365266588
86.6,19.20205039224812,18.66547889891976
86.7,23.184746499582523,17.216846888674358
86.8,21.620110329108623,17.97006759283644
86.89999999999999,22.4435877040035,16.288983976938678
87.0,23.470933953487688,17.695271435870026
87.1,25.039750601714836,19.05269872680322
87.2,21.545398986349,18.34012405590754
87.3,20.319490754402835,16.72295113718402
87.39999999999999,20.62811071264747,13.209929163411184
87.5,26.276377547340505,21.376474058555235
87.6,21.84756601601877,16.52169193379017
87.7,21.732149281276776,16.012365447519272
87.8,20.69933424237752,14.761236848174393
87.89999999999999,22.561959609284738,16.5065658307252
88.0,23.521904834569003,18.18836612673348
88.1,25.183337566221056,20.365410600951197
88.2,18.208969747212546,17.257938393265054
88.3,19.67869320027989,12.365229280474974
88.39999999999999,22.137385787956042,19.028511410174264
88.5,23.386029263752874,20.161012183878206
88.6,20.17200396352955,16.880917572927725
88.7,25.48993840551513,21.87990385266181
88.8,28.45599708502651,24.064664528949695
88.89999999999999,22.991642537631783,15.957852632187409
89.0,19.3777350786255,17.63508669535836
89.1,23.564346726629736,20.142840877273194
89.2,27.237257827228923,22.329519159777423
89.3,25.49064850577375,21.226151853124414
89.39999999999999,28.150204381463833,23.151975612199813
89.5,28.14870579833985,22.296236637507075
89.6,32.27120419322369,26.426819227146595
89.7,31.1914321294863,26.483167983302224
89.8,29.162038701371678,22.687314933493244
89.89999999999999,27.387074715853352,21.92271049436762
90.0,30.053984260225445,23.91323918936939
90.1,28.31759635458204,22.688278487322105
90.2,29.315031873860804,23.05988600084615
90.3,25.930128396292446,22.763011467928788
90.39999999999999,27.73233147866582,23.437786192313812
90.5,28.779182913501575,24.51206332750918
90.6,23.523756380075497,20.298786012651455
90.7,23.2988589400367,18.881629172482004
90.8,26.874084127294307,22.04011861276615
90.89999999999999,21.551859434690474,18.920745246858583
91.0,29.983787464531318,23.599421396824443
91.1,24.23079710160525,17.527641570573625
91.2,22.534590396711422,18.50988202172467
91.3,17.937989536856556,16.84829312264888
91.39999999999999,21.778667083269248,18.161427597497465
91.5,20.819694664594646,17.00032040669461
91.6,21.10381676279692,17.173895837828322
91.7,19.87234188013194,17.97483361560928
91.8,19.925223519349537,17.277187262969132
91.89999999999999,20.968219257038168,17.50398237748042
92.0,20.341691824160726,17.745538999796697
92.1,20.76576249941807,16.452709457198026
92.2,26.467221995617923,22.376376149107557
92.3,23.890758067688594,19.958365158190325
92.39999999999999,22.759544815306015,18.561297235267492
92.5,30.534126321945443,24.87084920660373
92.6,20.208171494080787,16.373558848846756
92.7,20.033929601560374,17.013568686572526
92.8,19.385773405054305,17.655438671915547
92.89999999999999,19.220164188010248,18.220539630596537
93.0,21.345716890230282,16.832277006484485
93.1,25.74524266267639,20.09806950798868
93.2,21.385344461158777,16.77174099317691
93.3,23.77095241981316,16.54041046987965
93.39999999999999,23.433747138730027,17.444108750034392
93.5,24.839249248322705,20.042096502165446
93.6,19.33918118407381,13.372991664572643
93.7,25.405572051261238,19.707511838775744
93.8,23.540657509623436,17.54282199149276
93.89999999999999,26.488317016329194,19.529926520165894
94.0,25.206476286868444,19.391267471325293
94.1,25.530789281877528,18.664553653984964
94.2,21.710692570394833,14.632317310467027
94.3,25.06065011594384,18.393313482874497
94.39999999999999,23.337730532746097,15.603352657264375
94.5,24.63316075349284,19.898318178981917
94.6,23.682719093711874,17.27430937084422
94.69999999999999,18.748549688366495,12.782383156116932
94.8,24.291778950163977,17.631222375497845
94.89999999999999,27.828587578267552,21.650460708801514
95.0,21.904877377170617,14.560962539981768
95.1,22.14315637954666,18.270616463287542
95.19999999999999,28.617333824334153,23.178083908597458
95.3,28.016750292521074,23.42210414848543
95.39999999999999,22.66379165480131,15.371903863380146
95.5,23.17684129491856,18.568095125788645
95.6,29.782470726686338,23.935597147545465
95.69999999999999,22.675680388510767,18.472363391306303
95.8,25.188735010993632,21.203253152326635
95.89999999999999,24.578183605045698,16.672016234637237
96.0,26.01967272771437,21.590779028967994
96.1,20.177604118371157,17.66265833556655
96.19999999999999,18.643000167878437,13.057792375752822
96.3,19.4633010440998,13.7672795405071
96.39999999999999,19.172621125360216,15.481372680228302
96.5,19.0908809501829,14.106378878581657
96.6,19.288709776996672,13.788462671520254
96.69999999999999,21.525466693999086,15.838881256297562
96.8,22.484031001185787,15.552990555825266
96.89999999999999,22.263426936078385,17.825673600063713
97.0,21.62673800177601,16.78941950006934
97.1,21.53874249523513,17.98768809730815
97.19999999999999,21.261879350779534,16.326634017870543
97.3,23.556544687267465,14.975818210035088
97.39999999999999,25.04452725995722,18.93143680920986
97.5,24.21401861008452,18.528744267071684
97.6,24.088749244726618,17.627835769152096
97.69999999999999,25.4532176907662,20.348094233980902
97.8,25.165388856612136,20.3192350538497
97.89999999999999,25.417708034574495,18.30622861312123
98.0,26.795231668740406,20.588989971990955
98.1,25.937830297281323,19.534432203763505
98.19999999999999,26.4839172829572,21.479451763073996
98.3,24.344953184374877,19.119360865680964
98.39999999999999,26.639633068375495,22.388450828107164
98.5,24.460309321569955,20.027173276091244
98.6,26.95041349098865,23.883270471278426
98.69999999999999,25.370547243730613,21.809507407487096
98.8,28.07709973148832,24.234133032033256
98.89999999999999,21.6705500987508,17.652989490703863
99.0,27.17718905393842,23.30523954210883
99.1,25.114548493758907,22.37118723266999
99.19999999999999,26.21796800177796,21.764893338296858
99.3,23.0510271023251,18.56527964616194
99.39999999999999,25.44079934698009,21.93564019175817
99.5,24.017909918458997,20.569475289136534
99.6,26.837672566757004,22.602020126725794
99.69999999999999,24.033688268219112,18.507252318151924
99.8,25.104857914318423,20.824102599547427
99.89999999999999,23.31087327990728,19.620118896112366
100.0,23.93210938970551,20.91449872899198
